id,person,face,source,status,ratio,chapter_ok,file,ctx,suggest_file,suggest_ratio,suggest_ctx,text
sunzi-1,sunzi,jin,《孙子兵法·始计篇》,EXACT,1.0,n/a,子藏/兵家/孙子.txt,兵者诡道也故能而示之不能用而示之不用近而示之远远而示之近,,0.0,,兵者，诡道也。故能而示之不能，用而示之不用，近而示之远，远而示之近。
sunzi-2,sunzi,jin,《孙子兵法·谋攻篇》,VERBATIM,0.96,n/a,子藏/兵家/孙子.txt,欲者胜以虞待不虞者胜将能而君不御者胜此五者知胜之道也故曰知彼知己百战不殆不知彼而知己一胜一负不知彼不知己每战必败军形第四孙子曰昔之善战者,,0.0,,知彼知己，百战不殆；不知彼而知己，一胜一负；不知彼不知己，每战必殆。
sunzi-3,sunzi,jin,《孙子兵法·谋攻篇》,EXACT,1.0,n/a,子藏/兵家/孙子.txt,是故百战百胜非善之善者也不战而屈人之兵善之善者也,,0.0,,是故百战百胜，非善之善者也；不战而屈人之兵，善之善者也。
sunzi-4,sunzi,jin,《孙子兵法·始计篇》,EXACT,1.0,n/a,子藏/兵家/孙子.txt,攻其无备出其不意此兵家之胜不可先传也,,0.0,,攻其无备，出其不意。此兵家之胜，不可先传也。
sunzi-5,sunzi,jin,《孙子兵法·虚实篇》,EXACT,1.0,n/a,子藏/兵家/孙子.txt,夫兵形象水水之形避高而趋下兵之形避实而击虚,,0.0,,夫兵形象水，水之形避高而趋下，兵之形避实而击虚。
sunzi-6,sunzi,jin,《孙子兵法·军形篇》,EXACT,1.0,n/a,子藏/兵家/孙子.txt,故善战者之胜也无智名无勇功,,0.0,,故善战者之胜也，无智名，无勇功。
sunzi-7,sunzi,jin,《孙子兵法·九地篇》,EXACT,1.0,n/a,子藏/兵家/孙子.txt,投之亡地然后存陷之死地然后生,,0.0,,投之亡地然后存，陷之死地然后生。
sunzi-8,sunzi,jin,《孙子兵法·火攻篇》,EXACT,1.0,n/a,子藏/兵家/孙子.txt,主不可以怒而兴师将不可以愠而致战,,0.0,,主不可以怒而兴师，将不可以愠而致战。
sunzi-9,sunzi,jin,《孙子兵法·军形篇》,VERBATIM,0.96,n/a,子藏/兵家/孙子.txt,彼而知己一胜一负不知彼不知己每战必败军形第四孙子曰昔之善战者先为不可胜以待敌之可胜不可胜在已可胜在敌故善战者能为不可胜不能使,,0.0,,昔之善战者，先为不可胜，以待敌之可胜。不可胜在己，可胜在敌。
sunzi-10,sunzi,jin,《孙子兵法·军形篇》,EXACT,1.0,n/a,子藏/兵家/孙子.txt,善用兵者修道而保法故能为胜败之政,,0.0,,善用兵者，修道而保法，故能为胜败之政。
sunzi-11,sunzi,jin,《孙子兵法·势篇》,VERBATIM,1.0,n/a,子藏/兵家/孙子.txt,必从之予之敌必取之以利动之以本待之故善战者求之于势不责之于人故能择人而任势任势者其战人也,,0.0,,善战者，求之于势，不责于人，故能择人而任势。
sunzi-12,sunzi,jin,《孙子兵法·势篇》,EXACT,1.0,n/a,子藏/兵家/孙子.txt,乱生于治怯生于勇弱生于强,,0.0,,乱生于治，怯生于勇，弱生于强。
sunzi-13,sunzi,jin,《孙子兵法·虚实篇》,EXACT,1.0,n/a,子藏/兵家/孙子.txt,故兵无常势水无常形能因敌变化而取胜者谓之神,,0.0,,故兵无常势，水无常形。能因敌变化而取胜者，谓之神。
sunzi-14,sunzi,jin,《孙子兵法·军形篇》,EXACT,1.0,n/a,子藏/兵家/孙子.txt,善守者藏于九地之下善攻者动于九天之上故能自保而全胜也,,0.0,,善守者，藏于九地之下；善攻者，动于九天之上，故能自保而全胜也。
sunzi-15,sunzi,jin,《孙子兵法·军争篇》,EXACT,1.0,n/a,子藏/兵家/孙子兵法.txt,故三军可夺气将军可夺心,,0.0,,故三军可夺气，将军可夺心。
sunzi-16,sunzi,jin,《孙子兵法·军争篇》,VARIANT,0.94,n/a,子藏/兵家/孙子.txt,饱待饥此治力者也无邀正正之旗无击堂堂之阵此治变者也故用兵之法高陵勿向背丘勿逆佯北勿从,子藏/兵家/孙子兵法.txt,0.94,饱待饥此治力者也无邀正正之旗无击堂堂之阵此治变者也故用兵之法高陵勿向背丘勿逆佯北勿从,无邀正正之旗，勿击堂堂之阵，此治变者也。
sunzi-17,sunzi,jin,《孙子兵法·作战篇》,EXACT,1.0,n/a,子藏/兵家/孙子.txt,故兵闻拙速未睹巧之久也,,0.0,,故兵闻拙速，未睹巧之久也。
sunzi-18,sunzi,jin,《孙子兵法·势篇》,VERBATIM,0.95,n/a,子藏/兵家/孙子.txt,于勇弱生于强治乱数也勇怯形也故善动敌者形之敌必从之予之敌必取之以利动之以本待之故善战者求之于势不责之于人故能,,0.0,,故形之，敌必从之；予之，敌必取之。以利动之，以卒待之。
sunzi-19,sunzi,jin,《孙子兵法·军形篇》,EXACT,1.0,n/a,子藏/兵家/孙子.txt,古之所谓善战者胜于易胜者也故善战者之胜也无智名无勇功,,0.0,,古之所谓善战者，胜于易胜者也。故善战者之胜也，无智名，无勇功。
sunzi-20,sunzi,jin,《孙子兵法·谋攻篇》,EXACT,1.0,n/a,子藏/兵家/孙子兵法.txt,知胜有五知可以战与不可以战者胜识众寡之用者胜上下同欲者胜以虞待不虞者胜将能而君不御者胜此五者知胜之道也,,0.0,,知胜有五：知可以战与不可以战者胜，识众寡之用者胜，上下同欲者胜，以虞待不虞者胜，将能而君不御者胜。此五者，知胜之道也。
wuzi-1,wuzi,jin,《吴子·图国篇》,VERBATIM,1.0,n/a,子藏/兵家/吴子.txt,不识主君安用此也若以备进战退守而不求能用者譬犹伏鸡之搏狸乳犬之犯虎虽有鬭心随之死矣昔承桑氏之君修德废武以灭其国家有扈氏之君恃众好勇以丧其社稷明主鉴兹必内修文德外治武备故当敌不进无逮于义矣僵,,0.0,,昔承桑氏之君，修德废武，以灭其国；有扈氏之君，恃众好勇，以丧其社稷。明主鉴兹，必内修文德，外治武备。
wuzi-2,wuzi,jin,《吴子·图国篇》,EXACT,1.0,n/a,子藏/兵家/吴子.txt,不和于国不可以出军不和于军不可以出阵不和于阵不可以进战不和于战不可以决胜,,0.0,,不和于国，不可以出军；不和于军，不可以出阵；不和于阵，不可以进战；不和于战，不可以决胜。
wuzi-3,wuzi,jin,《吴子·治兵篇》,EXACT,1.0,n/a,子藏/兵家/吴子.txt,用兵之法教戒为先一人学战教成十人十人学战教成百人,,0.0,,用兵之法，教戒为先。一人学战，教成十人；十人学战，教成百人……
wuzi-4,wuzi,jin,《吴子·治兵篇》,VARIANT,0.92,n/a,子藏/兵家/吴子.txt,学战教成三军以近待远以佚待劳以饱待饥圆而方之坐而起之行而止之,子藏/兵家/兵典.txt,1.0,以近待远以逸待劳以饱待饥,以近待远，以逸待劳，以饱待饥。
wuzi-5,wuzi,jin,《吴子·图国篇》,VERBATIM,0.97,n/a,子藏/兵家/吴子.txt,桀而夏民喜悦周武伐纣而殷人不非举顺天人故能然矣吴子曰凡制国治军必教之以礼励之以义使有耻也夫人有耻在大足以战在小足以守矣然战胜易守胜难故曰天下战国五胜者祸四胜,,0.0,,凡治国治军，必教之以礼，励之以义，使有耻也。夫人有耻，在大足以战，在小足以守矣。
wuzi-6,wuzi,jin,《吴子·料敌篇》,MISS,0.0,n/a,子藏/兵家/吴子.txt,,,0.0,,凡战者，以形胜。形之而成，势之而胜。
wuzi-7,wuzi,jin,《吴子·治兵篇》,EXACT,1.0,n/a,子藏/兵家/吴子.txt,用兵之害犹豫最大三军之灾生于狐疑,,0.0,,用兵之害，犹豫最大；三军之灾，生于狐疑。
wuzi-8,wuzi,jin,《吴子·论将篇》,EXACT,1.0,n/a,子藏/兵家/吴子.txt,总文武者军之将也兼刚柔者兵之事也,,0.0,,总文武者，军之将也；兼刚柔者，兵之事也。
wuzi-9,wuzi,jin,《吴子·论将篇》,EXACT,1.0,n/a,子藏/兵家/吴子.txt,居则有礼动则有威进不可当退不可追,,0.0,,居则有礼，动则有威，进不可当，退不可追。
wuzi-10,wuzi,jin,《吴子·治兵篇》,EXACT,1.0,n/a,子藏/兵家/吴子.txt,进有重赏退有重刑行之以信审能达此胜之主也,,0.0,,进有重赏，退有重刑，行之以信。审能达此，胜之主也。
wuzi-11,wuzi,jin,《吴子·论将篇》,EXACT,1.0,n/a,子藏/兵家/吴子.txt,凡战之要必先占其将而察其才因其形而用其权则不劳而功举,,0.0,,凡战之要，必先占其将而察其才，因其形而用其权，则不劳而功举。
wuzi-12,wuzi,jin,《吴子·图国篇》,EXACT,1.0,n/a,子藏/兵家/吴子.txt,凡制国治军必教之以礼励之以义使有耻也,,0.0,,凡制国治军，必教之以礼，励之以义，使有耻也。
wuzi-13,wuzi,jin,《吴子·论将篇》,EXACT,1.0,n/a,子藏/兵家/吴子.txt,凡人论将常观于勇勇之于将乃数分之一耳,,0.0,,凡人论将，常观于勇。勇之于将，乃数分之一耳。
wuzi-14,wuzi,jin,《吴子·应变篇》,MISS,0.0,n/a,子藏/兵家/吴子.txt,,,0.0,,凡战之始，先陈而后战。
wuzi-15,wuzi,jin,《吴子·论将篇》,EXACT,1.0,n/a,子藏/兵家/吴子.txt,将之所慎者五一曰理二曰备三曰果四曰戒五曰约,,0.0,,将之所慎者五：一曰理，二曰备，三曰果，四曰戒，五曰约。
wuzi-16,wuzi,jin,《吴子·图国篇》,VERBATIM,1.0,n/a,子藏/兵家/吴子.txt,夫人有耻在大足以战在小足以守矣然战胜易守胜难故曰天下战国五胜者祸四胜者弊三胜者霸二胜者王一胜者帝是以数胜得天下者稀以亡者众吴子曰凡兵之所起者,,0.0,,然战胜易，守胜难。故曰：五胜者祸，四胜者弊，三胜者霸，二胜者王，一胜者帝。
wuzi-17,wuzi,jin,《吴子·料敌篇》,MISS,0.0,n/a,子藏/兵家/吴子.txt,,,0.0,,上令既行，士无斗心，不可与战。
wuzi-18,wuzi,jin,《吴子·应变篇》,MISS,0.0,n/a,子藏/兵家/吴子.txt,,,0.0,,用寡者，务隘；用众者，务易。
wuzi-19,wuzi,jin,《吴子·应弼篇》,MISS,0.0,n/a,子藏/兵家/吴子.txt,,,0.0,,夫战无强敌，慎无败事。
wuzi-20,wuzi,jin,《吴子·料敌篇》,EXACT,1.0,n/a,子藏/兵家/吴子.txt,一军之中必有虎贲之士力轻扛鼎足轻戎马搴旗斩将,,0.0,,一军之中，必有虎贲之士，力轻扛鼎，足轻戎马，搴旗斩将。
sunbin-1,sunbin,jin,《史记·孙子吴起列传》引孙膑语；《孙膑兵法》残简亦有载,MISS,0.0,n/a,子藏/兵家/孙膑兵法.txt,,史藏/正史/史记.txt,1.0,夫解杂乱纷纠者不控卷救斗者不搏撠批亢捣虚形格势禁则自为解耳,夫解杂乱纷纠者不控卷，救斗者不搏撠，批亢捣虚，形格势禁，则自为解耳。
sunbin-2,sunbin,jin,《孙膑兵法·威王问》,MISS,0.0,n/a,子藏/兵家/孙膑兵法.txt,,,0.0,,避实击虚，以众击寡。
sunbin-3,sunbin,jin,《孙膑兵法·月战》,EXACT,1.0,n/a,子藏/兵家/孙膑兵法.txt,间于天地之间莫贵于人,,0.0,,间于天地之间，莫贵于人。
sunbin-4,sunbin,jin,《孙膑兵法·见威王》,VARIANT,0.82,n/a,子藏/兵家/孙膑兵法.txt,陵而禽擒庞涓故曰孙子之所以为者尽矣四百六见威王孙子见威王曰夫兵者非士恒埶势也此先王之傅道也战胜则所以在亡国而继绝世也战不胜则所以削地而危社稷也是故兵者不可不察然夫乐兵者亡而利胜者辱兵非所乐也而胜非所利也事,,0.0,,战胜，则所以在亡国而继绝世也；战不胜，则所以削地而危社稷也。是故兵者不可不察。……夫战胜而强立，故天下服矣。
sunbin-5,sunbin,jin,《孙膑兵法·奇正篇》,VERBATIM,1.0,n/a,子藏/兵家/孙膑兵法.txt,日月其错措胜也如以水胜火刑形以应形正也无刑形而制刑形奇也奇正无穷,,0.0,,形以应形，正也；无形而制形，奇也。
sunbin-6,sunbin,jin,《孙膑兵法·奇正篇》,MISS,0.0,n/a,子藏/兵家/孙膑兵法.txt,,,0.0,,胜不可一也。……以一形之胜胜万形，不可。
sunbin-7,sunbin,jin,《孙膑兵法·奇正篇》,VERBATIM,1.0,n/a,子藏/兵家/孙膑兵法.txt,刑形之胜胜万刑形不可所以制刑形壹也所以胜不可壹也故善战者见敌之所长则智知其所短见敌之所不足则智知其所有余见胜如见日月,,0.0,,善战者，见敌之所长，则知其所短；见敌之所不足，则知其所有余。
sunbin-8,sunbin,jin,《孙膑兵法·威王问》,MISS,0.0,n/a,子藏/兵家/孙膑兵法.txt,,,0.0,,兵者，非士恒势也。
sunbin-9,sunbin,jin,《孙膑兵法·奇正篇》,VERBATIM,1.0,n/a,子藏/兵家/孙膑兵法.txt,物之胜胜万物故其胜不屈战者以刑形相胜者也刑形莫不可以胜而莫智知其所以胜之刑形刑形胜之变与天地相敝而不,,0.0,,战者，以形相胜者也。形莫不可以胜，而莫知其所以胜。
sunbin-10,sunbin,jin,《孙膑兵法·奇正篇》,EDITED,0.65,n/a,子藏/兵家/孙膑兵法.txt,故可行疾故可徐众故可寡佚故可劳奇正天地之理至则反盈则败日月是也代兴代废四时是也有胜有,,0.0,,天地之理，至则反，盈则败。……阴阳、万物之理也。
sunbin-11,sunbin,jin,《孙膑兵法·见威王》简文,MISS,0.0,n/a,子藏/兵家/孙膑兵法.txt,,子藏/兵家/孙子注.txt,0.69,复悦也亡国不可复存也死者不可复生也故明主慎之良将警之此安国之道也用间篇李筌曰战者,兵者，国之大事也。……故明主慎之，良将警之。
sunbin-12,sunbin,jin,《孙膑兵法》残简,MISS,0.0,n/a,子藏/兵家/孙膑兵法.txt,,子藏/兵家/道德经论兵要义述.txt,0.88,金玉满堂莫之能守富贵而骄自遗其咎此道君又以时,富贵而骄，自遗咎也。
sunbin-13,sunbin,jin,《孙膑兵法·篡卒》,VERBATIM,1.0,n/a,子藏/兵家/孙膑兵法.txt,兵之王器也取众者胜也孙子曰恒胜有五得主剸专制胜知道胜得众胜左右和胜粮量适敌计险胜孙子曰恒不胜有五御将不胜不知道不,,0.0,,恒胜有五：得主专制，胜；知道，胜；得众，胜；左右和，胜；量敌计险，胜。
sunbin-14,sunbin,jin,《孙膑兵法·篡卒》,EXACT,1.0,n/a,子藏/兵家/孙膑兵法.txt,恒不胜有五御将不胜不知道不胜乖将不胜不用间不胜不得众不胜,,0.0,,恒不胜有五：御将，不胜；不知道，不胜；乖将，不胜；不用间，不胜；不得众，不胜。
sunbin-15,sunbin,jin,《孙膑兵法·篡卒》,VERBATIM,1.0,n/a,子藏/兵家/孙膑兵法.txt,智故兵无篡选卒孙子曰兵之胜在于篡选卒其勇在于制其巧在于势其利在于信其德在于道其富在于,,0.0,,兵之胜在于篡卒，其勇在于制，其巧在于势。
sunbin-16,sunbin,jin,《孙膑兵法·奇正篇》,MISS,0.0,n/a,子藏/兵家/孙膑兵法.txt,,,0.0,,势者，所以使众斗也；形者，所以使众知也。
sunbin-17,sunbin,jin,《孙膑兵法·威王问》,EXACT,1.0,n/a,子藏/兵家/孙膑兵法.txt,恶战者兵之王器也,,0.0,,恶战者，兵之王器也。
sunbin-18,sunbin,jin,《孙膑兵法·奇正篇》,EXACT,1.0,n/a,子藏/兵家/孙膑兵法.txt,赏未行罚未用而民听令者其令民之所能行也,,0.0,,赏未行，罚未用，而民听令者，其令，民之所能行也。
sunbin-19,sunbin,jin,《孙膑兵法·威王问》,EXACT,1.0,n/a,子藏/兵家/孙膑兵法.txt,用兵无备者伤穷兵者亡,,0.0,,用兵无备者伤，穷兵者亡。
sunbin-20,sunbin,jin,《孙膑兵法·威王问》,VERBATIM,1.0,n/a,子藏/兵家/孙膑兵法.txt,威王孙子见威王曰夫兵者非士恒埶势也此先王之傅,,0.0,,夫兵者，非士恒势也。
weiliao-1,weiliao,jin,《尉缭子·兵令上》,EDITED,0.74,n/a,子藏/兵家/尉缭子.txt,者伐暴乱本仁义焉战国则以立威抗敌相图不能废兵也兵者以武为植以文为种武为表文为里能审此二者知胜败矣文所以视利害辨安危武,,0.0,,兵者，以武为植，以文为种。武为表，文为里。……故曰：兵胜于朝廷。
weiliao-2,weiliao,jin,《尉缭子·战威篇》,EXACT,1.0,n/a,子藏/兵家/尉缭子.txt,天时不如地利地利不如人和圣人所贵人事而已,,0.0,,天时不如地利，地利不如人和。圣人所贵，人事而已。
weiliao-3,weiliao,jin,《尉缭子·武议篇》,MISS,0.0,n/a,子藏/兵家/尉缭子.txt,,子藏/兵家/六韬.txt,0.7,明何以禁止而令行太公曰将以诛大为威以赏小为明以罚审为禁止而令行故杀一人而三军震者杀之赏一人而万人悦者赏之杀贵大赏贵小杀其当路贵重之人是刑上极也赏及牛竖马洗养,禄贵厚而民劝，刑贵重而民畏。故杀一人而三军震者，杀之；赏一人而万人悦者，赏之。
weiliao-4,weiliao,jin,《尉缭子·攻权篇》,EDITED,0.57,n/a,子藏/兵家/尉缭子.txt,救溺人分险者无战心挑战者无全气斗战者无胜兵凡挟义而战者贵从我起争私结怨应不得已怨结虽起待之贵后故争必,,0.0,,凡挟义而战者，贵从我起。争义者，以正守之，以奇攻之。
weiliao-5,weiliao,jin,《尉缭子·战威篇》,VARIANT,0.94,n/a,子藏/兵家/尉缭子.txt,富士谨存之国富大夫亡国富食府所谓上满下漏患无所救故曰举贤任能不时日而事利明法审令不卜筮而事吉贵功养劳不祷祠而得福又曰天时不如地利地利不如人和圣人所贵,史藏/正史/旧唐书.txt,0.84,太岁坐推白虎行计贪狼自符难斗之祥多贻蚁附之困故曰任贤使能则不时日而事利明法审令则不卜筮而事吉养劳赏功则不祷祠而得福此所谓天时不如地利地利不如,故举贤用能，不时日而事利；明法审令，不卜筮而获吉；贵功养劳，不祷祠而得福。
weiliao-6,weiliao,jin,《尉缭子·攻权篇》,MISS,0.0,n/a,子藏/兵家/尉缭子.txt,,,0.0,,夫将者，士之心也；士者，将之体也。心不专则体不运，体不运则心不专。
weiliao-7,weiliao,jin,《尉缭子·武议篇》,MISS,0.0,n/a,子藏/兵家/尉缭子.txt,,,0.0,,故曰：器用不备，不可以战。备者，不患其多，患其不精也。
weiliao-8,weiliao,jin,《尉缭子·武议篇》,VARIANT,0.92,n/a,子藏/兵家/尉缭子.txt,资夫出不足战入不足守者治之以市市者所以给战守也万乘无千乘之助必有百乘之市凡诛者所以明武也杀一人而三军震者杀之杀一人而万人喜者杀之杀之贵大赏之贵小当杀而虽贵重必杀之是刑上,子藏/兵家/六韬.txt,0.81,威何以为明何以禁止而令行太公曰将以诛大为威以赏小为明以罚审为禁止而令行故杀一人而三军震者杀之赏一人而万人悦者赏之杀贵大赏贵小杀其当路贵重之人是刑上极也赏及牛竖马洗养之徒,凡诛者，所以明武也。杀一人而三军震者，杀之；赏一人而万人悦者，赏之。杀之贵大，赏之贵小。
weiliao-9,weiliao,jin,《尉缭子·兵令上》,EDITED,0.5,n/a,子藏/兵家/尉缭子.txt,称人以人称粟三相称则内可以固守外可以战胜战胜于外备主于内胜备相用犹合符节无异故也治兵者若秘于地若,子藏/诸子/淮南子.txt,0.5,地而不反民不疾疫将不夭死五谷丰昌风雨时节战胜于外福生于内是故名必成而后无余害矣卷十六说山训魄问于,战胜于外，备主于内。战胜于外，福生于内，害生于内。
weiliao-10,weiliao,jin,《尉缭子·治本篇》,MISS,0.0,n/a,子藏/兵家/尉缭子.txt,,,0.0,,反本者富，滞末者贫。富者战，贫者守。
weiliao-11,weiliao,jin,《尉缭子·战威篇》,VERBATIM,1.0,n/a,子藏/兵家/尉缭子.txt,三胜者毕矣夫将之所以战者民也民之所以战者气也气实则斗气夺则走刑未加兵未接而所以夺敌者五一,,0.0,,夫民所以战者，气也。气实则斗，气夺则走。
weiliao-12,weiliao,jin,《尉缭子·战威篇》,EXACT,1.0,n/a,子藏/兵家/尉缭子.txt,志不励则士不死节士不死节则众不战,,0.0,,志不励，则士不死节；士不死节，则众不战。
weiliao-13,weiliao,jin,《尉缭子·战威篇》,EXACT,1.0,n/a,子藏/兵家/尉缭子.txt,地所以养民也城所以守地也战所以守城也,,0.0,,地所以养民也，城所以守地也，战所以守城也。
weiliao-14,weiliao,jin,《尉缭子·制谈篇》,VERBATIM,0.95,n/a,子藏/兵家/尉缭子.txt,人无不腾陵张胆绝乎疑虑堂堂决而去制谈第三凡兵制必先定制先定则士不乱士不乱则形乃明金鼓所指则百人尽斗陷行乱,,0.0,,凡兵，制必先定。制先定则士不乱，士不乱则刑乃明。
weiliao-15,weiliao,jin,《尉缭子·制谈篇》,VARIANT,0.89,n/a,子藏/兵家/尉缭子.txt,犹亡舟楫绝江河不可得也民非乐死而恶生也号令明法制审故能使之前明赏于前决罚于后是以发能中利动则,,0.0,,号令明，法制审，故能使众人。……明赏于前，决罚于后。
weiliao-16,weiliao,jin,《尉缭子·战威篇》,EDITED,0.56,n/a,子藏/兵家/尉缭子.txt,食府所谓上满下漏患无所救故曰举贤任能不时日而事利明法审令不卜筮而事吉贵功养劳不祷祠而,史藏/正史/旧唐书.txt,0.5,符难斗之祥多贻蚁附之困故曰任贤使能则不时日而事利明法审令则不卜筮而事吉养劳赏功则不祷,无困于辩，无夺于谄。……举贤用能，不时日而事利。
weiliao-17,weiliao,jin,《尉缭子·攻权篇》,MISS,0.0,n/a,子藏/兵家/尉缭子.txt,,,0.0,,夫将者，心也；士者，体也。
weiliao-18,weiliao,jin,《尉缭子·兵令上》,MISS,0.0,n/a,子藏/兵家/尉缭子.txt,,子藏/兵家/司马法.txt,1.0,凡战之道用寡固用众治,凡战之道，用寡固，用众治。
weiliao-19,weiliao,jin,《尉缭子·兵令上》,EXACT,1.0,n/a,子藏/兵家/尉缭子.txt,兵者以武为植以文为种武为表文为里,,0.0,,兵者，以武为植，以文为种。武为表，文为里。
weiliao-20,weiliao,jin,《尉缭子·战威篇》,MISS,0.0,n/a,子藏/兵家/尉缭子.txt,,,0.0,,能审利害，则胜可待也。
caocao-1,caocao,jin,曹操《孙子兵法序》,MISS,0.0,n/a,子藏/兵家/孙子注.txt,,子藏/兵家/孙子略解.txt,0.54,灭恃文者亡夫差偃王是也圣人之用兵戢而时动不得已而用之吾观兵书战策多矣孙武所著深矣孙子者齐人也名武为吴王阖闾作兵法一十三篇试之妇人,吾观兵书战策多矣，孙武所著深矣。审计重举，明画深图，不可相诬。
caocao-2,caocao,jin,《三国志·武帝纪》引注,MISS,0.0,n/a,子藏/兵家/孙子注.txt,,,0.0,,宁我负人，毋人负我。
caocao-3,caocao,jin,曹操《蒿里行》,MISS,0.0,n/a,子藏/兵家/孙子注.txt,,,0.0,,白骨露于野，千里无鸡鸣。生民百遗一，念之断人肠。
caocao-4,caocao,jin,曹操《短歌行》,MISS,0.0,n/a,子藏/兵家/孙子注.txt,,,0.0,,月明星稀，乌鹊南飞。绕树三匝，何枝可依？
caocao-5,caocao,jin,曹操《短歌行》,MISS,0.0,n/a,子藏/兵家/孙子注.txt,,,0.0,,对酒当歌，人生几何！譬如朝露，去日苦多。
caocao-6,caocao,jin,曹操《龟虽寿》,MISS,0.0,n/a,子藏/兵家/孙子注.txt,,,0.0,,老骥伏枥，志在千里；烈士暮年，壮心不已。
caocao-7,caocao,jin,曹操《短歌行》,MISS,0.0,n/a,子藏/兵家/孙子注.txt,,,0.0,,山不厌高，海不厌深。周公吐哺，天下归心。
caocao-8,caocao,jin,曹操《让县自明本志令》,MISS,0.0,n/a,子藏/兵家/孙子注.txt,,史藏/正史/旧唐书.txt,0.61,豺狼于汉日故魏太祖曰若使无孤天下几人称帝几人称王明窃号议者触目皆是欲以此时开四赐之祚,设使国家无有孤，不知当几人称帝，几人称王。
caocao-9,caocao,jin,曹操《龟虽寿》,MISS,0.0,n/a,子藏/兵家/孙子注.txt,,,0.0,,神龟虽寿，犹有竟时。腾蛇乘雾，终为土灰。
caocao-10,caocao,jin,曹操《短歌行》,MISS,0.0,n/a,子藏/兵家/孙子注.txt,,,0.0,,月明星稀，乌鹊南飞。绕树三匝，何枝可依？
caocao-11,caocao,jin,曹操《蒿里行》,MISS,0.0,n/a,子藏/兵家/孙子注.txt,,,0.0,,白骨露于野，千里无鸡鸣。生民百遗一，念之断人肠。
caocao-12,caocao,jin,曹操《蒿里行》,MISS,0.0,n/a,子藏/兵家/孙子注.txt,,,0.0,,关东有义士，兴兵讨群凶。……军合力不齐，踌躇而雁行。
caocao-13,caocao,jin,曹操《龟虽寿》,MISS,0.0,n/a,子藏/兵家/孙子注.txt,,,0.0,,盈缩之期，不但在天；养怡之福，可得永年。
caocao-14,caocao,jin,曹操《度关山》,MISS,0.0,n/a,子藏/兵家/孙子注.txt,,,0.0,,天地间，人为贵。立君牧民，为之轨则。
caocao-15,caocao,jin,曹操《度关山》,MISS,0.0,n/a,子藏/兵家/孙子注.txt,,,0.0,,车辙马迹，经纬四极。黜陟幽明，黎庶繁息。
caocao-16,caocao,jin,曹操《对酒》,MISS,0.0,n/a,子藏/兵家/孙子注.txt,,,0.0,,礼乐不兴，刑罚不中。……明德惟馨，播植百谷。
caocao-17,caocao,jin,曹操《对酒》,MISS,0.0,n/a,子藏/兵家/孙子注.txt,,,0.0,,对酒歌，太平时，吏不呼门。王者贤且明，宰相股肱皆忠良。
caocao-18,caocao,jin,曹操《秋胡行》,MISS,0.0,n/a,子藏/兵家/孙子注.txt,,,0.0,,不戚年往，忧世不治。
caocao-19,caocao,jin,曹操《秋胡行》,MISS,0.0,n/a,子藏/兵家/孙子注.txt,,,0.0,,壮盛之节，逝如飞电。……去者日以疏，来者日以亲。
caocao-20,caocao,jin,曹操《短歌行》,MISS,0.0,n/a,子藏/兵家/孙子注.txt,,,0.0,,慨当以慷，忧思难忘。何以解忧？唯有杜康。
lijing-1,lijing,jin,《唐太宗李卫公问对·卷上》,EDITED,0.66,n/a,子藏/兵家/李卫公问对.txt,拘说异焉臣愚谓大众所合为正将所自出为奇乌有先后旁击之拘说哉太宗曰吾之正使敌视以为奇吾之奇使敌视以为正斯所谓形人者欤以奇为正以正为奇变化莫测斯所谓无形者欤,子藏/兵家/孙子集注.txt,0.56,杜佑曰我专一而敌分散梅尧臣曰他人有形我形不见故敌分兵以备我张预曰吾之正使敌视以为竒吾之竒使敌视以为正形人者也以竒为正以正为竒变化纷纭使敌莫测无形,吾之正，使敌视以为奇；吾之奇，使敌视以为正。……奇正相生，如循环之无端，谁能穷之？
lijing-2,lijing,jin,《唐太宗李卫公问对·卷下》,EXACT,1.0,n/a,子藏/兵家/李卫公问对.txt,攻是守之机守是攻之策同归乎胜而已矣,,0.0,,攻是守之机，守是攻之策。同归乎胜而已矣。
lijing-3,lijing,jin,《唐太宗李卫公问对·卷中》,EXACT,1.0,n/a,子藏/兵家/李卫公问对.txt,千章万句不出乎致人而不致于人而已,,0.0,,"千章万句，不出乎""致人而不致于人""而已。"
lijing-4,lijing,jin,《唐太宗李卫公问对·卷上》,EDITED,0.53,n/a,子藏/兵家/李卫公问对.txt,兵变为正则安能胜哉故善用兵者奇正在人而已变而神之所以推乎天也太宗俛首太宗曰奇正素分之欤临时制之欤靖曰案按曹公新书曰己二而敌一则一术为正一术为奇己五而敌一则三术为,子藏/兵家/阵纪.txt,0.59,施孙子谓奇正相生循环无端安有不教而能相生无端者耶唐太宗问曰奇正素分之欤临时制之欤靖曰按曹公新书己二而敌一则一正而一奇己五而敌一则三正而二奇此大略耳士卒未,"太宗曰：""奇正素分之欤？临时制之欤？""靖曰：""先教正兵，后教奇兵。……但教正兵耳，奇亦何法也？"""
lijing-5,lijing,jin,《唐太宗李卫公问对·卷中》,MISS,0.0,n/a,子藏/兵家/李卫公问对.txt,,,0.0,,阵法者，所以教民以成列也；兵形势者，所以临敌制变也。二者不可偏废。
lijing-6,lijing,jin,《唐太宗李卫公问对·卷下》,EDITED,0.73,n/a,子藏/兵家/李卫公问对.txt,也夫将法之说在乎任人利器三略所谓得士者昌管子所谓器必坚利者是也太宗曰然吾谓不战而屈人之兵者上也百战百胜者中也深沟高垒以自守者下也以是较量孙武著书三等皆具焉靖曰观其文迹其事亦可差别矣若张良范,,0.0,,"太宗曰：""不战而屈人之兵，正乎？""靖曰：""……不战而屈人之兵者，上也；百战百胜者，中也；深沟高垒以自守者，下也。"""
lijing-7,lijing,jin,《唐太宗李卫公问对·卷上》,MISS,0.37,n/a,子藏/兵家/卫公兵法辑本.txt,军转阵以后为前以前为后进无奔迸退无趋走以正合以奇胜听音睹麾乍合乍离于是三令五申白旗点鼓音,子藏/兵家/兵法心要.txt,0.58,阴振动如雷侵掠如火此则制胜之道也兵法曰以正合以奇胜然则正者阵也奇者无方以用变也奇不得正虽,凡战之道，以正合，以奇胜。然奇正之术，分合为变。
lijing-8,lijing,jin,《唐太宗李卫公问对·卷上》,EXACT,1.0,n/a,子藏/兵家/李卫公问对.txt,善用兵者无不正无不奇使敌莫测故正亦胜奇亦胜,,0.0,,善用兵者，无不正，无不奇。使敌莫测。故正亦胜，奇亦胜。
lijing-9,lijing,jin,《唐太宗李卫公问对·卷上》,EXACT,1.0,n/a,子藏/兵家/李卫公问对.txt,教得其道则士乐为用教不得法虽朝督暮责无益于事矣,,0.0,,教得其道，则士乐为用；教不得法，虽朝督暮责，无益于事矣。
lijing-10,lijing,jin,《唐太宗李卫公问对·卷中》,EXACT,1.0,n/a,子藏/兵家/李卫公问对.txt,以诱待来以静待躁以重待轻以严待懈,,0.0,,以诱待来，以静待躁，以重待轻，以严待懈。
lijing-11,lijing,jin,《唐太宗李卫公问对·卷下》,VERBATIM,0.96,n/a,子藏/兵家/李卫公问对.txt,者亦众矣但史官鲜克知兵不能纪其实迹焉臣敢不奉诏当纂述以闻太宗曰兵法孰为最深者靖曰臣尝分为三等使学者当渐而至焉一曰道二曰天地三曰将,,0.0,,"太宗曰：""兵法孰为最深？""靖曰：""臣尝分为三等：一曰道，二曰天地，三曰将法。"""
lijing-12,lijing,jin,《唐太宗李卫公问对·卷上》,VARIANT,0.78,n/a,子藏/兵家/李卫公问对.txt,下神圣迥出古人非臣所及太宗曰分合为变者奇正安在靖曰善用兵者无不正无不奇使敌莫测故正亦胜奇亦胜三军之士止知其胜莫知其所以胜非变而能通安,,0.0,,"太宗曰：""奇正之说，可得闻乎？""靖曰：""善用兵者，无不正，无不奇。使敌莫测。"""
lijing-13,lijing,jin,《唐太宗李卫公问对·卷中》,MISS,0.0,n/a,子藏/兵家/李卫公问对.txt,,,0.0,,持重而待，观其变也。见利而战，见不利则止。
lijing-14,lijing,jin,《唐太宗李卫公问对·卷中》,MISS,0.0,n/a,子藏/兵家/李卫公问对.txt,,子藏/兵家/兵典.txt,0.5,誓不明敌人之将不先军不明敌人之士不先阵是故以众击寡以治击乱以富击贫以能击不能以教卒练士击驱众白徒故百,凡敌我之势，当审而用之。……以实击虚，以众击寡，以治击乱。
lijing-15,lijing,jin,《唐太宗李卫公问对·卷中》,MISS,0.39,n/a,子藏/兵家/李卫公问对.txt,蔾行马太公所制是乎靖曰有之然拒敌而已兵贵致人非欲拒之也太公六韬言守御之具尔非攻战所施,,0.0,,兵贵致人，非欲致于人也。……当使敌人不暇为谋。
lijing-16,lijing,jin,《唐太宗李卫公问对·卷上》,EDITED,0.67,n/a,子藏/兵家/李卫公问对.txt,旁击卿谓若何靖曰臣案按曹公注孙子曰先出合战为正后出为奇此与旁击之拘说异焉臣愚谓大众所合为,子藏/兵家/孙子略解.txt,0.61,之众可使毕受敌而无败奇正是也曹操曰先出合战为正后出为奇兵之所加如以碫投卵实虚是也曹操曰以,"靖曰：""凡兵，前正后奇。先出合战为正，后出为奇。"""
lijing-17,lijing,jin,《唐太宗李卫公问对·卷上》,MISS,0.0,n/a,子藏/兵家/李卫公问对.txt,,,0.0,,"太宗曰：""兵何以分奇正？""靖曰：""教正不教奇。"""
lijing-18,lijing,jin,《唐太宗李卫公问对·卷中》,MISS,0.0,n/a,子藏/兵家/李卫公问对.txt,,,0.0,,声亦可以致敌。……多方以误之。
lijing-19,lijing,jin,《唐太宗李卫公问对·卷中》,MISS,0.0,n/a,子藏/兵家/李卫公问对.txt,,,0.0,,兵之情，惟主将知之。……能尽知，则战必胜。
lijing-20,lijing,jin,《唐太宗李卫公问对·卷上》,EDITED,0.53,n/a,子藏/兵家/李卫公问对.txt,知兵不能纪其实迹焉臣敢不奉诏当纂述以闻太宗曰兵法孰为最深者靖曰臣尝分为三等使学者当渐而至焉一,,0.0,,"太宗曰：""兵法孰为最难？""靖曰：""斗乱不可，斗整可也。"""
hanxin-1,hanxin,jin,《史记·淮阴侯列传》故事概括,EDITED,0.64,n/a,史藏/正史/史记.txt,王歇于代复立为赵王赵王因立陈余为代王项羽大怒北击齐八月汉王用韩信之计从故道还袭雍王章邯邯迎击汉陈仓雍兵败还走止战好畤又复败走废丘汉王遂定,,0.0,,（韩信之计）汉王用韩信之计，从故道还，袭雍王章邯。……明修栈道，暗度陈仓。
hanxin-2,hanxin,jin,《史记·淮阴侯列传》,EDITED,0.63,n/a,史藏/正史/史记.txt,未见吾大将旗鼓未肯击前行恐吾至阻险而还信乃使万人先行出背水陈赵军望见而大笑平旦信建大将之旗鼓,子藏/兵家/孙子集注.txt,0.63,拔赵帜立汉帜令其禆将传餐曰今日破赵会食信乃使万人先行出背水陈赵军遥见而大笑平旦信建大将军之旗,信乃使万人先行，出，背水陈。……军皆殊死战，不可败。
hanxin-3,hanxin,jin,《史记·淮阴侯列传》,EXACT,1.0,n/a,史藏/正史/史记.txt,上问曰如我能将几何信曰陛下不过能将十万上曰于君何如曰臣多多而益善耳,,0.0,,"上问曰：""如我能将几何？""信曰：""陛下不过能将十万。""上曰：""于君何如？""曰：""臣多多而益善耳。"""
hanxin-4,hanxin,jin,《史记·淮阴侯列传》,VERBATIM,0.97,n/a,史藏/正史/史记.txt,左水泽今者将军令臣等反背水陈曰破赵会食臣等不服然竟以胜此何术也信曰此在兵法顾诸君不察耳兵法不曰陷之死地而后生置之亡地而后存且信非得素拊循士大夫也此所,,0.0,,"信曰：""此在兵法，顾诸君不察耳。兵法不曰'陷之死地而后生，置之亡地而后存'乎？"""
hanxin-5,hanxin,jin,《史记·淮阴侯列传》,EDITED,0.73,n/a,史藏/正史/史记.txt,亭长寄食数月亭长妻患之乃晨炊蓐食食时信往不为具食信亦知其意怒竟绝去信钓于城下诸母漂有一母见信饥饭信竟漂数十日信喜谓漂母曰吾必有以重报母母怒曰大丈夫不能自食吾,,0.0,,信钓于城下，诸母漂，有一母见信饥，饭信，竟漂数十日。……信至国，召所从食漂母，赐千金。
hanxin-6,hanxin,jin,《史记·淮阴侯列传》,VARIANT,0.83,n/a,史藏/正史/史记.txt,饭信竟漂数十日信喜谓漂母曰吾必有以重报母母怒曰大丈夫不能自食吾哀王孙而进食岂望报乎淮阴屠中少年有侮信者曰若虽长大好带刀剑中情怯耳众辱之曰信能死刺我不能死出我袴下于是信孰视之俛出袴下蒲伏一市,,0.0,,"淮阴屠中少年有侮信者，曰：""若虽长大，好带刀剑，中情怯耳。""……孰视之，俛出袴下，蒲伏。一市人皆笑信，以为怯。"
hanxin-7,hanxin,jin,《史记·淮阴侯列传》（韩信用未经训练的士兵仍能打胜仗）,EDITED,0.62,n/a,史藏/正史/史记.txt,禽赵王歇信乃令军中毋杀广武君有能生得者购千金于是有缚广武君而致戏下者信乃解其缚东乡坐西乡对师事之诸将效首虏毕贺因问信曰兵法右倍山陵前左水泽今者将军令臣等反背水陈,子藏/兵家/孙子集注.txt,0.41,赵见我走必空壁逐我汝疾入赵壁拔赵帜立汉帜令其禆将传餐曰今日破赵会食信乃使万人先行出背水陈赵军遥见而大笑平旦信建大将军之旗鼓行出井陉口赵开壁击之大战良乆于,"信乃解其缚，东乡坐，西乡对，师事之。……诸将皆莫信，详应曰：""诺。""………信乃使万人先行，出，背水陈。"
hanxin-8,hanxin,jin,《史记·淮阴侯列传》,VERBATIM,1.0,n/a,史藏/正史/史记.txt,亡天下已定我固当亨上曰人告公反遂械系信至雒阳赦信罪以为淮阴侯信知汉王畏恶其能常称病不朝从信由此日夜怨望居常鞅鞅羞与绛灌等列信尝过樊将军哙哙跪拜送,,0.0,,信知汉王畏恶其能，常称病不朝从。信由此日怨望，居常鞅鞅，羞与绛、灌等列。
hanxin-9,hanxin,jin,《史记·淮阴侯列传》,MISS,0.0,n/a,史藏/正史/史记.txt,,,0.0,,"信曰：""……今军吏皆曰不用命，乃反以信为怯耶？于是鼓行出井陉口。"""
hanxin-10,hanxin,jin,民间谚语，源自《史记·淮阴侯列传》故事,MISS,0.0,n/a,史藏/正史/史记.txt,,,0.0,,（萧何追韩信——后来吕后杀韩信亦由萧何设计）成功失败，皆出萧何一人之力。
hanxin-11,hanxin,jin,《史记·淮阴侯列传》引韩信语,EXACT,1.0,n/a,史藏/正史/史记.txt,陷之死地而后生置之亡地而后存,,0.0,,陷之死地而后生，置之亡地而后存。
hanxin-12,hanxin,jin,《史记·淮阴侯列传》,EDITED,0.62,n/a,史藏/正史/史记.txt,缚东乡坐西乡对师事之诸将效首虏毕贺因问信曰兵法右倍山陵前左水泽今者将军令臣等反背水陈曰破赵会食臣等不,子藏/兵家/孙子集注.txt,0.52,拔赵帜立汉帜令其禆将传餐曰今日破赵会食信乃使万人先行出背水陈赵军遥见而大笑平旦信建大将军之旗鼓行出井,兵法右倍山陵，前左水泽。……信乃使万人先行，出，背水陈。
hanxin-13,hanxin,jin,《史记·淮阴侯列传》,VARIANT,0.78,n/a,史藏/正史/史记.txt,广武君有能生得者购千金于是有缚广武君而致戏下者信乃解其缚东乡坐西乡对师事之诸将效首虏毕贺因问信曰兵法右倍山陵前左水泽,,0.0,,"信乃解其缚，东乡坐，西乡对，师事之。……诸将皆莫信，详应曰：""诺。"""
hanxin-14,hanxin,jin,《史记·淮阴侯列传》太史公曰,EXACT,1.0,n/a,史藏/正史/史记.txt,假令韩信学道谦让不伐己功不矜其能则庶几哉,,0.0,,假令韩信学道谦让，不伐己功，不矜其能，则庶几哉！
hanxin-15,hanxin,jin,《史记·陈涉世家》——韩信的人生写照,MISS,0.0,n/a,史藏/正史/史记.txt,,,0.0,,王侯将相，宁有种乎？（韩信虽未言此，但其经历证明了平民可以封王拜相）
hanxin-16,hanxin,jin,《史记·高祖本纪》刘邦语,EXACT,1.0,n/a,史藏/正史/史记.txt,连百万之军战必胜攻必取吾不如韩信,,0.0,,连百万之军，战必胜，攻必取，吾不如韩信。
hanxin-17,hanxin,jin,《史记·淮阴侯列传》韩信语,EDITED,0.71,n/a,史藏/正史/史记.txt,汉汉王授我上将军印予我数万众解衣衣我推食食我言听计用故吾得以至于此夫人深,,0.0,,汉王解衣衣我，推食食我……背义不祥。
hanxin-18,hanxin,jin,《史记·淮阴侯列传》韩信语,EXACT,1.0,n/a,史藏/正史/史记.txt,以天下城邑封功臣何所不服,,0.0,,以天下城邑封功臣，何所不服！
hanxin-19,hanxin,jin,《史记·淮阴侯列传》,VERBATIM,0.97,n/a,史藏/正史/史记.txt,左水泽今者将军令臣等反背水陈曰破赵会食臣等不服然竟以胜此何术也信曰此在兵法顾诸君不察耳兵法不曰陷之死地而后生置之亡地而后存且信非得素拊循士大夫也此所,,0.0,,"信曰：""此在兵法，顾诸君不察耳。兵法不曰'陷之死地而后生，置之亡地而后存'乎？"""
hanxin-20,hanxin,jin,《史记·淮阴侯列传》,EXACT,1.0,n/a,史藏/正史/史记.txt,陛下不能将兵而善将将此乃信之所以为陛下禽也,,0.0,,陛下不能将兵，而善将将，此乃信之所以为陛下禽也。
simarangju-1,simarangju,jin,《司马法·仁本》,EXACT,1.0,n/a,子藏/兵家/司马法.txt,古者以仁为本以义治之之谓正,,0.0,,古者以仁为本，以义治之之谓正。
simarangju-2,simarangju,jin,《司马法·仁本》,VARIANT,0.92,n/a,子藏/兵家/司马法.txt,子正刑冡宰与百官布令于军曰入罪人之地无暴神祗无行田猎无毁土功无燔墙屋无伐林木无取六畜禾黍器械见其老幼奉归无伤虽遇壮者不校勿敌,子藏/诸子/司马法.txt,0.96,某国会天子正刑冢宰与百官布令于军曰入罪人之地无暴神祇无行田猎无毁土功无燔墙屋无伐林木无取六畜禾黍器械见其老幼奉归勿伤虽遇壮者,入罪人之地，无暴圣祇，无行田猎，无毁土功，无燔墙屋，无伐林木。
simarangju-3,simarangju,jin,《司马法·仁本》,EXACT,1.0,n/a,子藏/兵家/司马法.txt,故国虽大好战必亡天下虽安忘战必危,,0.0,,故国虽大，好战必亡；天下虽安，忘战必危。
simarangju-4,simarangju,jin,《司马法·仁本》,VERBATIM,0.96,n/a,子藏/兵家/司马法.txt,古者以仁为本以义治之之谓正正不获意则权权出于战不出于中人是故杀人安人杀之可也攻其国爱其民攻之可也以战止战虽战可也故仁见亲义见说智见恃勇见,,0.0,,是故杀人安人，杀之可也；攻其国，爱其民，攻之可也；以战止战，战之可也。
simarangju-5,simarangju,jin,《司马法·严位》,VARIANT,0.79,n/a,子藏/兵家/司马法.txt,息不可以分食方其疑惑可师可服凡战以力久以气胜以固久以危胜本心固新气胜以甲,子藏/诸子/司马法.txt,0.79,息不可以分食方其疑惑可师可服凡战以力久以气胜以固久以危胜本心固新气胜以甲,凡战，以力久，以气胜。……以笃固，以严治。
simarangju-6,simarangju,jin,《司马法·用众》,EXACT,1.0,n/a,子藏/兵家/司马法.txt,凡战之道用寡固用众治寡利烦众利正,,0.0,,凡战之道，用寡固，用众治。寡利烦，众利正。
simarangju-7,simarangju,jin,《司马法》残简（传）,MISS,0.0,n/a,子藏/兵家/司马法.txt,,子藏/兵家/武编.txt,0.46,六者皆前世已然之效也许洞曰兵者诡道也诡可使为实远示之近近示之远故,兵者，诡道也。诡者，所以乘其变也。
simarangju-8,simarangju,jin,《司马法·定爵》,EDITED,0.62,n/a,子藏/兵家/司马法.txt,众勉若利地守隘险阻右兵弓矢御殳矛守戈防助凡五兵五当长以卫短短以救长迭战则久皆战则强见物与侔是谓两之主固勉若视,子藏/诸子/司马法.txt,0.62,怿众勉若利地守隘阻右兵弓矢御殳矛守戈戟助凡五兵五当长以卫短短以救长迭战则久皆战则强见物与侔是谓两之主固勉若视,大小坚柔，参伍而用。……凡五兵五当，长以卫短，短以救长。
simarangju-9,simarangju,jin,《司马法·定爵》,MISS,0.0,n/a,子藏/兵家/司马法.txt,,子藏/诸子/司马法.txt,0.9,卒支也伍指拇也凡战权也斗勇也阵巧也用其所欲行其所能废,凡战，智也；斗，勇也；阵，巧也。
simarangju-10,simarangju,jin,《司马法·严位》,EXACT,1.0,n/a,子藏/兵家/司马法.txt,位欲严政欲栗力欲窕气欲闲,,0.0,,位欲严，政欲栗，力欲窕，气欲闲。
simarangju-11,simarangju,jin,《司马法·仁本》,EXACT,1.0,n/a,子藏/兵家/司马法.txt,不违时不历民病所以爱吾民也,,0.0,,不违时，不历民病，所以爱吾民也。
simarangju-12,simarangju,jin,《司马法·仁本》,VARIANT,0.92,n/a,子藏/兵家/司马法.txt,不历民病所以爱吾民也不加防不因凶所以爱夫其民也冬夏不兴师所以兼爱其民,子藏/诸子/司马法.txt,1.0,不加丧不因凶所以爱夫其民也,不加丧，不因凶，所以爱夫其民也。
simarangju-13,simarangju,jin,《司马法·仁本》,EXACT,1.0,n/a,子藏/兵家/司马法.txt,冬夏不兴师所以兼爱其民也,,0.0,,冬夏不兴师，所以兼爱其民也。
simarangju-14,simarangju,jin,《司马法·仁本》,EXACT,1.0,n/a,子藏/兵家/司马法.txt,逐奔不过百步纵绥不过三舍,,0.0,,逐奔不过百步，纵绥不过三舍。
simarangju-15,simarangju,jin,《司马法·仁本》,EXACT,1.0,n/a,子藏/兵家/司马法.txt,既诛有罪王及诸侯修正其国举贤立明,,0.0,,既诛有罪，王及诸侯修正其国，举贤立明。
simarangju-16,simarangju,jin,《司马法·定爵》,VARIANT,0.93,n/a,子藏/兵家/司马法.txt,劳示休也定爵第三凡战定爵位着功罪收游士申教诏讯厥众求厥技方虑极物变嫌推疑,子藏/诸子/司马法.txt,0.93,劳示休也定爵第三凡战定爵位着功罪收游士申教诏讯厥众求厥技方虑极物变嫌推疑,凡战，定爵位，著功罪，收游士，申教诏。
simarangju-17,simarangju,jin,《司马法·严位》,EXACT,1.0,n/a,子藏/兵家/司马法.txt,凡胜三军一人胜,,0.0,,凡胜，三军一人，胜。
simarangju-18,simarangju,jin,《司马法·严位》,VARIANT,0.83,n/a,子藏/兵家/司马法.txt,方其疑惑可师可服凡战以力久以气胜以固久以危胜本心固新气胜以甲,子藏/诸子/司马法.txt,0.83,方其疑惑可师可服凡战以力久以气胜以固久以危胜本心固新气胜以甲,凡战，以为久，以气胜。……以固，以严。
simarangju-19,simarangju,jin,《司马法·严位》,EXACT,1.0,n/a,子藏/兵家/司马法.txt,上同无获上专多死,,0.0,,上同无获，上专多死。
simarangju-20,simarangju,jin,《司马法·严位》,VARIANT,0.94,n/a,子藏/兵家/司马法.txt,则誓己居前无复先术胜负勿反是谓正则凡民以仁救以义战以智决以勇鬭以信专以利劝以功胜故心中仁行中,子藏/诸子/司马法.txt,0.94,则誓以居前无复先术胜否勿反是谓正则凡民以仁救以义战以智决以勇间以信专以利劝以功胜故心中仁行中,凡民，以仁救，以义战，以智决，以勇斗，以信专。
jiangziya-1,jiangziya,jin,《六韬·文韬·文师》,EXACT,1.0,n/a,子藏/兵家/六韬.txt,天下非一人之天下乃天下之天下也,,0.0,,天下非一人之天下，乃天下之天下也。
jiangziya-2,jiangziya,jin,《六韬·文韬·文师》,EXACT,1.0,n/a,子藏/兵家/六韬.txt,同天下之利者则得天下擅天下之利者则失天下,,0.0,,同天下之利者则得天下，擅天下之利者则失天下。
jiangziya-3,jiangziya,jin,《六韬·武韬·发启》,EXACT,1.0,n/a,子藏/兵家/六韬.txt,鸷鸟将击卑飞敛翼猛兽将搏弭耳俯伏,,0.0,,鸷鸟将击，卑飞敛翼；猛兽将搏，弭耳俯伏。
jiangziya-4,jiangziya,jin,《六韬·武韬·发启》,EXACT,1.0,n/a,子藏/兵家/六韬.txt,全胜不斗大兵无创,,0.0,,全胜不斗，大兵无创。
jiangziya-5,jiangziya,jin,《六韬·武韬·发启》,VARIANT,0.83,n/a,子藏/兵家/六韬.txt,败则皆同其害然则皆有以启之无有闭之也无取于民者取民者也无取民者民利之无取国者国利之无取天,子藏/诸子/长短经.txt,1.0,无取于民者取民者也无取于国者取国者也,无取于民者，取民者也；无取于国者，取国者也。
jiangziya-6,jiangziya,jin,《六韬·文韬·兵道》,EXACT,1.0,n/a,子藏/兵家/六韬.txt,兵胜之术密察敌人之机而速乘其利,,0.0,,兵胜之术，密察敌人之机而速乘其利。
jiangziya-7,jiangziya,jin,《六韬·龙韬·军势》,EXACT,1.0,n/a,子藏/兵家/六韬.txt,善战者不待张军善除患者理于未生,,0.0,,善战者，不待张军；善除患者，理于未生。
jiangziya-8,jiangziya,jin,《六韬·龙韬·军势》,VARIANT,0.93,n/a,子藏/兵家/太公兵法.txt,王问太公曰攻伐之道奈何太公曰势因于敌家之动变生于两陈之间奇正发于无穷之源,子藏/兵家/兵说.txt,0.93,军之形势具矣器成而法全然犹审于敌家之动变生于两阵之间竒正发于无穷之源知几之极也大,势因于敌家之动，变生于两阵之间。
jiangziya-9,jiangziya,jin,《六韬·龙韬·军势》,EXACT,1.0,n/a,子藏/兵家/六韬.txt,智者从之而不失巧者一决而不犹豫,,0.0,,智者从之而不失，巧者一决而不犹豫。
jiangziya-10,jiangziya,jin,《六韬·龙韬·将略》,VARIANT,0.93,n/a,子藏/兵家/六韬.txt,以知敌垒之虚实自来自去太公曰将必上知天道下知地利中知人事登高下望以观敌之,子藏/诸子/鬻子古文龙虎经.txt,0.79,修真之士欲炼此大丹必上知天文下知地理中知人情方能变通造化手握阴阳运日,将必上知天道，下知地理，中知人事。
jiangziya-11,jiangziya,jin,《六韬·龙韬·立将》,EXACT,1.0,n/a,子藏/兵家/六韬.txt,军中之事不闻君命皆由将出,,0.0,,军中之事，不闻君命，皆由将出。
jiangziya-12,jiangziya,jin,《六韬·文韬·赏罚》,EXACT,1.0,n/a,子藏/兵家/太公兵法.txt,赏如高山罚如深溪,,0.0,,赏如高山，罚如深溪。
jiangziya-13,jiangziya,jin,《六韬·龙韬·将威》,VARIANT,0.8,n/a,子藏/兵家/六韬.txt,为明以罚审为禁止而令行故杀一人而三军震者杀之赏一人而万人悦者赏之杀贵大赏贵小杀其当路贵重之人是刑,子藏/兵家/太公金匮.txt,0.8,赏一人千万喜六字赏一人而千人喜者赏之赏二人而万人喜者赏之赏三人而三军劝者赏之太平御览六百四十七杀,杀一人而千人惧者，杀之；赏一人而万人喜者，赏之。
jiangziya-14,jiangziya,jin,《六韬·龙韬·立将》,EXACT,1.0,n/a,子藏/兵家/六韬.txt,勿以三军为众而轻敌勿以受命为重而必死,,0.0,,勿以三军为众而轻敌，勿以受命为重而必死。
jiangziya-15,jiangziya,jin,《六韬·龙韬·论将》,EXACT,1.0,n/a,子藏/兵家/太公兵法.txt,兵不两胜亦不两败兵出逾境期不十日不有亡国必有破军,,0.0,,兵不两胜，亦不两败。兵出逾境，期不十日，不有亡国，必有破军。
jiangziya-16,jiangziya,jin,《六韬·龙韬·论将》,MISS,0.0,n/a,子藏/兵家/六韬.txt,,子藏/兵家/孙子.txt,1.0,之不若则能避之故小敌之坚大敌之擒也夫将者国之辅也辅周则国必强辅隙则国必弱故军之所以患,夫将者，国之辅也。辅周则国强，辅隙则国弱。
jiangziya-17,jiangziya,jin,《六韬·文韬·顺启》,EXACT,1.0,n/a,子藏/兵家/六韬.txt,信盖天下然后能约天下,,0.0,,信盖天下，然后能约天下。
jiangziya-18,jiangziya,jin,《六韬·文韬·顺启》,EXACT,1.0,n/a,子藏/兵家/六韬.txt,仁盖天下然后能怀天下,,0.0,,仁盖天下，然后能怀天下。
jiangziya-19,jiangziya,jin,《六韬·文韬·文师》,EXACT,1.0,n/a,子藏/兵家/六韬.txt,凡人恶死而乐生好德而归利,,0.0,,凡人恶死而乐生，好德而归利。
jiangziya-20,jiangziya,jin,《六韬·文韬·守土》,EXACT,1.0,n/a,子藏/兵家/六韬.txt,涓涓不塞将为江河荧荧不救炎炎奈何,,0.0,,涓涓不塞，将为江河；荧荧不救，炎炎奈何？
yuefei-1,yuefei,jin,《宋史·岳飞传》,MISS,0.0,n/a,集藏/四库别集/岳武穆遗文.txt,,子藏/兵家/草庐经略.txt,0.71,不斩妄言者以息浮议耳致身岳武穆有言文官不爱钱武臣不惜死天下太乎矣而盂德之讥袁本初,文官不爱钱，武官不惜死，不患天下不太平。
yuefei-2,yuefei,jin,《宋史·岳飞传》,MISS,0.0,n/a,集藏/四库别集/岳武穆遗文.txt,,,0.0,,冻死不拆屋，饿死不掳掠。
yuefei-3,yuefei,jin,《宋史·岳飞传》,MISS,0.0,n/a,集藏/四库别集/岳武穆遗文.txt,,子藏/兵家/兵垒.txt,0.56,其法皆不同非务相反也时异势殊耳故运用之妙存乎一心捷于矢不袭其镞铦于剑不刻其舟若赵,阵而后战，兵法之常；运用之妙，存乎一心。
yuefei-4,yuefei,jin,《宋史·岳飞传》,MISS,0.0,n/a,集藏/四库别集/岳武穆遗文.txt,,,0.0,,（岳飞治军）仁心爱物，信义服人。
yuefei-5,yuefei,jin,《宋史·岳飞传》,MISS,0.0,n/a,集藏/四库别集/岳武穆遗文.txt,,,0.0,,将士效力，飞何功之有！
yuefei-6,yuefei,jin,岳飞《满江红》,VERBATIM,0.95,n/a,集藏/四库别集/岳武穆遗文.txt,除顽恶还车驾不问登坛万戸侯满江红怒发冲冠凭阑处潇潇雨歇抬望眼仰天长啸壮怀激烈三十功名尘与土八千里路云和月莫等闲白,,0.0,,怒发冲冠，凭栏处、潇潇雨歇。抬望眼、仰天长啸，壮怀激烈。
yuefei-7,yuefei,jin,岳飞《满江红》,EXACT,1.0,n/a,集藏/四库别集/岳武穆遗文.txt,三十功名尘与土八千里路云和月,,0.0,,三十功名尘与土，八千里路云和月。
yuefei-8,yuefei,jin,岳飞《满江红》,EXACT,1.0,n/a,集藏/四库别集/岳武穆遗文.txt,靖康耻犹未雪臣子恨何时灭,,0.0,,靖康耻，犹未雪。臣子恨，何时灭！
yuefei-9,yuefei,jin,岳飞《满江红》,VERBATIM,0.96,n/a,集藏/四库别集/岳武穆遗文.txt,莫等闲白了少年头空悲切靖康耻犹未雪臣子恨何时灭驾长车踏破贺兰山缺壮志饥飡胡虏肉笑谈渴饮匈奴血待从头收拾旧山河朝天阙小,,0.0,,驾长车，踏破贺兰山缺。壮志饥餐胡虏肉，笑谈渴饮匈奴血。
yuefei-10,yuefei,jin,岳飞《小重山》,EXACT,1.0,n/a,集藏/四库别集/岳武穆遗文.txt,欲将心事付瑶琴知音少弦断有谁听,,0.0,,欲将心事付瑶琴，知音少，弦断有谁听。
yuefei-11,yuefei,jin,岳飞兵法语录,MISS,0.0,n/a,集藏/四库别集/岳武穆遗文.txt,,子藏/兵家/尉缭子.txt,0.88,于地中不制于人故兵者凶器也争者逆德也将者死官也故不得已而用之无天于上无地于下无主于后无敌于前,兵者，诡道也；将者，死官也。故不得已而用之。
yuefei-12,yuefei,jin,岳飞奏议,MISS,0.0,n/a,集藏/四库别集/岳武穆遗文.txt,,,0.0,,国家了不得，休养生息，各安其业。
yuefei-13,yuefei,jin,岳飞军事语录,MISS,0.0,n/a,集藏/四库别集/岳武穆遗文.txt,,子藏/兵家/六韬.txt,0.5,廪库也春秋治城郭修沟渠其堑垒也故用兵之具尽于人事也善为国者取于人事故必使遂其六畜,用兵之具，尽于人事；器械不利，将何以战。
yuefei-14,yuefei,jin,岳飞军事语录,MISS,0.0,n/a,集藏/四库别集/岳武穆遗文.txt,,,0.0,,论武功，则先讲器。器之不精，虽勇亦无所用。
yuefei-15,yuefei,jin,岳飞军事语录,MISS,0.0,n/a,集藏/四库别集/岳武穆遗文.txt,,,0.0,,为将无谋，不足以搏匹夫。
yuefei-16,yuefei,jin,岳飞治国思想,MISS,0.0,n/a,集藏/四库别集/岳武穆遗文.txt,,,0.0,,安内才能攘外，先治其内，后图其外。
yuefei-17,yuefei,jin,岳飞治军语录,MISS,0.0,n/a,集藏/四库别集/岳武穆遗文.txt,,,0.0,,法令明，赏罚信，则士无不奋勇。
yuefei-18,yuefei,jin,岳飞军事语录,MISS,0.0,n/a,集藏/四库别集/岳武穆遗文.txt,,,0.0,,将在谋，不在勇。有勇无谋，匹夫耳。
yuefei-19,yuefei,jin,岳飞警示名言,MISS,0.0,n/a,集藏/四库别集/岳武穆遗文.txt,,,0.0,,一朝轻敌，千古遗恨。
yuefei-20,yuefei,jin,岳飞自述,MISS,0.0,n/a,集藏/四库别集/岳武穆遗文.txt,,,0.0,,忠义之名，万古不朽。
qi-jiguang-1,qi-jiguang,jin,戚继光《练兵实纪》,VARIANT,0.82,n/a,子藏/兵家/练兵实纪.txt,但敏智之人自然因而推之师其意不泥其迹乃能百战百胜率为名将盖未,子藏/农家/农政全书.txt,0.73,诸郡邑访求古人故渠废堰师其意不泥其迹疏为沟浍引纳支流使霖,师其意不泥其迹，乃为善学。
qi-jiguang-2,qi-jiguang,jin,戚继光《纪效新书》,MISS,0.0,n/a,子藏/兵家/纪效新书.txt,,,0.0,,数战不可以无变。……若兵无定势，乃可用也。
qi-jiguang-3,qi-jiguang,jin,戚继光《纪效新书》,MISS,0.0,n/a,子藏/兵家/纪效新书.txt,,,0.0,,鸳鸯阵以十一人为一队，长短兵迭用。
qi-jiguang-4,qi-jiguang,jin,戚继光《纪效新书》,MISS,0.0,n/a,子藏/兵家/纪效新书.txt,,子藏/兵家/武编.txt,0.64,人致死欲立功夫谁与敌哉此所谓堂堂之阵正正之旗也设有勍敌乘我军未成列而来突,堂堂之阵，正正之旗，非可以不战也。
qi-jiguang-5,qi-jiguang,jin,戚继光《练兵实纪》,MISS,0.0,n/a,子藏/兵家/纪效新书.txt,,,0.0,,练兵之法，莫先练心。人心齐一，则百万之众即一人之身。
qi-jiguang-6,qi-jiguang,jin,戚继光《练兵实纪》,MISS,0.0,n/a,子藏/兵家/纪效新书.txt,,,0.0,,阵势如绳墨，运用如鬼神。
qi-jiguang-7,qi-jiguang,jin,戚继光《练兵实纪》,MISS,0.0,n/a,子藏/兵家/纪效新书.txt,,,0.0,,训练之要，全在赏罚。……赏罚明则士气振。
qi-jiguang-8,qi-jiguang,jin,戚继光《练兵实纪》,MISS,0.0,n/a,子藏/兵家/纪效新书.txt,,,0.0,,为将者，须明三军之情，如父知子，然后可用。
qi-jiguang-9,qi-jiguang,jin,戚继光《纪效新书》,MISS,0.0,n/a,子藏/兵家/纪效新书.txt,,,0.0,,武艺非杀人之技，乃卫身之技也。
qi-jiguang-10,qi-jiguang,jin,戚继光《练兵实纪》,MISS,0.0,n/a,子藏/兵家/纪效新书.txt,,,0.0,,动静之间，胜负所系。静如山岳，动如雷霆。
qi-jiguang-11,qi-jiguang,jin,戚继光《纪效新书》,MISS,0.0,n/a,子藏/兵家/纪效新书.txt,,,0.0,,退一寸则失一尺之机。……兵贵神速。
qi-jiguang-12,qi-jiguang,jin,戚继光《练兵实纪》,MISS,0.0,n/a,子藏/兵家/纪效新书.txt,,,0.0,,兵家之妙，妙在活法。
qi-jiguang-13,qi-jiguang,jin,戚继光军事语录,MISS,0.0,n/a,子藏/兵家/纪效新书.txt,,,0.0,,守城之法，守心为上，守城次之。
qi-jiguang-14,qi-jiguang,jin,戚继光引孙子语,MISS,0.0,n/a,子藏/兵家/纪效新书.txt,,子藏/兵家/孙子略解.txt,0.75,应两敌相察情也孙子曰昔善者先为不可胜以待敌之可胜不可胜在己曹操曰守固备也可胜在敌,先不可胜以待敌之可胜，此必胜之方也。
qi-jiguang-15,qi-jiguang,jin,戚继光《纪效新书》,MISS,0.0,n/a,子藏/兵家/纪效新书.txt,,,0.0,,器用不精，等于徒手。
qi-jiguang-16,qi-jiguang,jin,戚继光军事语录,MISS,0.0,n/a,子藏/兵家/纪效新书.txt,,,0.0,,用兵之道，天时为上，地利次之，人和又次之。
qi-jiguang-17,qi-jiguang,jin,戚继光《纪效新书》,MISS,0.0,n/a,子藏/兵家/纪效新书.txt,,,0.0,,平日不练，临阵慌张。……练于平时，用于一时。
qi-jiguang-18,qi-jiguang,jin,戚继光《纪效新书》,MISS,0.0,n/a,子藏/兵家/纪效新书.txt,,,0.0,,杀贼不是杀百姓，倘误杀一人，则三军皆丧其气。
qi-jiguang-19,qi-jiguang,jin,戚继光军事语录,MISS,0.0,n/a,子藏/兵家/纪效新书.txt,,子藏/兵家/武编.txt,0.4,与用间之劳而得用间之实此非上智其谁能之夫兵虽诡道而本于正者终亦必胜今五间之用其归于诈成则为利,兵虽诡道，而本于仁义。以仁义行诡道，乃为真兵家。
qi-jiguang-20,qi-jiguang,jin,戚继光《练兵实纪》,MISS,0.0,n/a,子藏/兵家/纪效新书.txt,,,0.0,,光于事前，决于临时。不预谋则无成。
baiqi-1,baiqi,jin,《史记·白起王翦列传》,VARIANT,0.91,n/a,史藏/正史/史记.txt,不乐为秦而归赵赵卒反覆非尽杀之恐为乱乃挟诈而尽坑杀之遗其,,0.0,,赵卒反复，非尽杀之，恐为乱。
baiqi-2,baiqi,jin,《史记·白起王翦列传》,VERBATIM,1.0,n/a,史藏/正史/史记.txt,剑将自刭曰我何罪于天而至此哉良久曰我固当死长平之战赵卒降者数十万人我诈而尽坑之是足以死遂自杀武安君之,,0.0,,长平之战，赵卒降者数十万，我诈而尽坑之，是足以死。
baiqi-3,baiqi,jin,《史记·白起王翦列传》,EXACT,1.0,n/a,史藏/正史/史记.txt,秦不听臣计今如何矣,,0.0,,秦不听臣计，今如何矣！
baiqi-4,baiqi,jin,《史记·白起王翦列传》,VERBATIM,1.0,n/a,史藏/正史/史记.txt,王王矣武安君为三公武安君所为秦战胜攻取者七十余城南定鄢郢汉中北禽赵括之军,,0.0,,武安君为秦战胜攻取者七十余城。
baiqi-5,baiqi,jin,《史记·白起王翦列传》,MISS,0.0,n/a,史藏/正史/史记.txt,,,0.0,,伊阙之战，韩魏之兵大败，斩首二十四万。
baiqi-6,baiqi,jin,《史记·白起王翦列传》,MISS,0.0,n/a,史藏/正史/史记.txt,,,0.0,,白起率兵攻楚，决水灌鄢，城溃，死者数十万。
baiqi-7,baiqi,jin,《战国策》,MISS,0.0,n/a,史藏/正史/史记.txt,,,0.0,,长平之战，秦虽胜于长平，而士卒死者过半。
baiqi-8,baiqi,jin,《史记·白起王翦列传》太史公评,EXACT,1.0,n/a,史藏/正史/史记.txt,料敌合变出奇无穷声震天下,,0.0,,料敌合变，出奇无穷，声震天下。
baiqi-9,baiqi,jin,《史记·白起王翦列传》,EXACT,1.0,n/a,史藏/正史/史记.txt,赵军逐胜追造秦壁壁坚拒不得入,,0.0,,赵军逐胜，追造秦壁。壁坚拒不得入。
baiqi-10,baiqi,jin,《史记·白起王翦列传》,EXACT,1.0,n/a,史藏/正史/史记.txt,奇兵二万五千人绝赵军后又一军五千骑绝赵壁间,,0.0,,奇兵二万五千人绝赵军后，又一军五千骑绝赵壁间。
baiqi-11,baiqi,jin,《史记·白起王翦列传》,VARIANT,0.9,n/a,史藏/正史/史记.txt,有如不称妾得无随坐乎王许诺赵括既代廉颇悉更约束易置军吏秦将白起闻之纵奇兵详败走而绝其粮道分断其军为二士卒离心,子藏/兵家/间书.txt,0.9,为将耳赵王因以括为将代廉颇赵括既代廉颇悉更约束易置军吏秦将白起闻之纵奇兵佯败走而绝其粮道分断其军为二士卒离心,赵括至军，悉更约束，易置军吏。秦将白起闻之，纵奇兵。
baiqi-12,baiqi,jin,《史记·白起王翦列传》,EXACT,1.0,n/a,史藏/正史/史记.txt,前秦已拔上党上党民不乐为秦而归赵,,0.0,,前秦已拔上党。上党民不乐为秦而归赵。
baiqi-13,baiqi,jin,白起生平的反面解读,MISS,0.0,n/a,史藏/正史/史记.txt,,,0.0,,"（白起虽胜七十余城，却是以铁血换功业）——""善战者无赫赫之功""的反面。"
baiqi-14,baiqi,jin,孙子语——白起一生注脚,MISS,0.0,n/a,史藏/正史/史记.txt,,子藏/兵家/兵典.txt,0.65,本目之末兵一叙兵孙子曰兵者国之大事死生之地存亡之道不可不察故经之以五校之计而索其情谓,（白起之死印证了）兵者，死生之地，存亡之道。
baiqi-15,baiqi,jin,《史记·白起王翦列传》,EDITED,0.64,n/a,史藏/正史/史记.txt,十年十一月死而非其罪秦人怜之乡邑皆祭祀焉王翦者频阳东乡人也少而好兵事,,0.0,,秦人闻白起死，悲之，乡邑皆祭祀焉。
baiqi-16,baiqi,jin,战国纵横家评语,MISS,0.0,n/a,史藏/正史/史记.txt,,,0.0,,白起非秦之强也，武安之智也。
baiqi-17,baiqi,jin,后人评白起,MISS,0.0,n/a,史藏/正史/史记.txt,,,0.0,,白起虽屡胜，未尝骄。非不骄也，势使之然。
baiqi-18,baiqi,jin,兵家评语,MISS,0.0,n/a,史藏/正史/史记.txt,,,0.0,,白起用兵，先断其粮道，后绝其退路。此即伐谋伐交之实践。
baiqi-19,baiqi,jin,后世儒将评白起坑降卒,MISS,0.0,n/a,史藏/正史/史记.txt,,,0.0,,降则当受，犹杀之，不可之甚者也。
baiqi-20,baiqi,jin,白起悲剧的概括,MISS,0.0,n/a,史藏/正史/史记.txt,,,0.0,,功成身死，千古同悲。
laozi-1,laozi,bi,《道德经》第四十章,VERBATIM,1.0,n/a,道藏/藏外/老子道德经（晋王弼）.txt,反者道之动也弱者道之用柔弱同通不可穷极天下万物生于有有生于无天下之物皆以有为生有之所始以无为本将欲全,,0.0,,反者道之动，弱者道之用。天下万物生于有，有生于无。
laozi-2,laozi,bi,《道德经》第八章,VERBATIM,1.0,n/a,道藏/藏外/老子道德经（晋王弼）.txt,身存故曰能成其私也八章案河上公注本此为易性章上善若水水善利万物而不争处众人之所恶人恶卑也故几于道道无水有故曰几也,,0.0,,上善若水。水善利万物而不争，处众人之所恶，故几于道。
laozi-3,laozi,bi,《道德经》第三十六章,VARIANT,0.94,n/a,道藏/藏外/老子道德经（晋王弼）.txt,闻则不足以娱其耳若无所中然乃用之不可穷极也三十六章案河上公注本此为防明章将欲歙之必固张之将欲弱之必固强之将欲废之必固兴之将欲夺之必固与之是谓防明将欲除强梁去暴乱当以此四,子藏/诸子/诸子辩.txt,0.83,解其纷和其光同其尘湛兮似若存吾不知谁之子象帝之先庄列祖之将欲翕之必固张之将欲弱之必固强之将欲废之必固兴之将欲夺之必固与之申韩祖之以正治国以奇用兵以无事取天下张良祖之我无,将欲歙之，必固张之；将欲弱之，必固强之；将欲废之，必固兴之；将欲取之，必固与之。是谓微明。
laozi-4,laozi,bi,《道德经》第三十七章,VARIANT,0.89,n/a,道藏/正统道藏洞神部/本文类/道德经古本篇.txt,渊邦之利器不可以示人第三十七章四十九言道常无为而无不为王侯若能守万物将自化化而欲作吾将镇之以,子藏/诸子/诸子辩.txt,0.95,义也所谓静则同虚则通至德无为万物皆容即道常无为而无不为侯王若能守万物将自化也所谓道可以弱可以强可以柔,道常无为而无不为。侯王若能守之，万物将自化。
laozi-5,laozi,bi,《道德经》第四十四章,EXACT,1.0,n/a,道藏/藏外/老子道德经（晋王弼）.txt,知足不辱知止不殆可以长久,,0.0,,知足不辱，知止不殆，可以长久。
laozi-6,laozi,bi,《道德经》第五十七章,EXACT,1.0,n/a,道藏/藏外/老子道德经（晋王弼）.txt,以正治国以奇用兵以无事取天下,,0.0,,以正治国，以奇用兵，以无事取天下。
laozi-7,laozi,bi,《道德经》第三十一章,VERBATIM,0.96,n/a,道藏/正统道藏洞神部/本文类/道德经古本篇.txt,强物壮则老是谓非道非道早已第三十一章一百三十五言夫美兵者不祥之器物或恶之故有道者不处是以君子居则贵左用兵则贵右兵者不祥之器非君子之器不得已而用之以恬憺为上故不美也若美必乐之乐之者是乐杀人也夫乐人杀人者不可以得志于天下矣故吉事,,0.0,,夫佳兵者，不祥之器，物或恶之，故有道者不处。君子居则贵左，用兵则贵右。兵者不祥之器，非君子之器，不得已而用之，恬淡为上。
laozi-8,laozi,bi,《道德经》第四十五章,VARIANT,0.92,n/a,道藏/正统道藏洞神部/本文类/道德经古本篇.txt,大满若盅其用不穷大直若讪大巧若拙大辩若讷躁胜寒靖胜热知清靖以为天,子藏/诸子/淮南子.txt,0.75,马至而果千里之马故老子曰大直若屈大巧若拙吴起为楚令尹适魏问屈宜若,大直若屈，大巧若拙，大辩若讷。
laozi-9,laozi,bi,《道德经》第五十八章,EXACT,1.0,n/a,道藏/藏外/老子道德经（晋王弼）.txt,祸兮福之所倚福兮祸之所伏孰知其极其无正,,0.0,,祸兮福之所倚，福兮祸之所伏。孰知其极？其无正。
laozi-10,laozi,bi,《道德经》第六十三章,EXACT,1.0,n/a,道藏/藏外/老子道德经（晋王弼）.txt,天下难事必作于易天下大事必作于细是以圣人终不为大故能成其大,,0.0,,天下难事，必作于易；天下大事，必作于细。是以圣人终不为大，故能成其大。
laozi-11,laozi,bi,《道德经》第五十六章,MISS,0.0,n/a,道藏/藏外/老子道德经（晋王弼）.txt,,子藏/兵家/道德经论兵要义述.txt,1.0,知者不言言者不知,知者不言，言者不知。
laozi-12,laozi,bi,《道德经》第六十四章,EXACT,1.0,n/a,道藏/藏外/老子道德经（晋王弼）.txt,合抱之木生于毫末九层之台起于累土千里之行始于足下,,0.0,,合抱之木，生于毫末；九层之台，起于累土；千里之行，始于足下。
laozi-13,laozi,bi,《道德经》第六十四章,VERBATIM,1.0,n/a,道藏/藏外/老子道德经（晋王弼）.txt,作故败失也是以圣人无为故无败无执故无失民之从事常于几成而败之不慎终也慎终如始则无败事是以圣人,,0.0,,民之从事，常于几成而败之。慎终如始，则无败事。
laozi-14,laozi,bi,《道德经》第三十三章,EDITED,0.71,n/a,道藏/藏外/老子道德经（晋王弼）.txt,海也三十三章案河上公注本此为辨德章知人者智自知者明知人者智而已矣未若自知者案永乐大典,子藏/诸子/鬼谷子注.txt,0.59,故以相况也故知之始己自知而后知人也知人者智自知者明智从明生明能生智故欲知人必须自知其,知人者智，自知者明。胜人者有力，自胜者强。
laozi-15,laozi,bi,《道德经》第三十三章,VERBATIM,1.0,n/a,道藏/正统道藏洞神部/本文类/道德经古本篇.txt,也知足者富也强行者有志也不失其所者久也死而不亡者寿也第三十四,,0.0,,不失其所者久，死而不亡者寿。
laozi-16,laozi,bi,《道德经》第三十九章,VERBATIM,0.95,n/a,道藏/藏外/老子道德经（晋王弼）.txt,恐灭侯王无以贵高案各本以下有贞字将恐蹶故贵以贱为本高以下为基是以侯王自谓孤寡不谷此非以贱为本耶非乎故致数,,0.0,,贵以贱为本，高以下为基。是以侯王自称孤、寡、不谷。
laozi-17,laozi,bi,《道德经》第四十三章,EXACT,1.0,n/a,道藏/藏外/老子道德经（晋王弼）.txt,天下之至柔驰骋天下之至坚,,0.0,,天下之至柔，驰骋天下之至坚。
laozi-18,laozi,bi,《道德经》第五十八章,VARIANT,0.75,n/a,道藏/正统道藏洞神部/本文类/道德经古本篇.txt,五十八章七十三言其政闵闵其民偆偆其政察察其民缺缺祸兮福之所倚福兮祸之所伏孰知其极,子藏/诸子/淮南子.txt,0.88,裂之道也故老子曰其政闷闷其民纯纯其政察察其民缺缺景公谓太卜曰子之道何能对曰能动地,其政闷闷，其民淳淳；其政察察，其民缺缺。
laozi-19,laozi,bi,《道德经》第六十章,EXACT,1.0,n/a,道藏/藏外/老子道德经（晋王弼）.txt,治大国若烹小鲜,,0.0,,治大国若烹小鲜。
laozi-20,laozi,bi,《道德经》第六十七章,EXACT,1.0,n/a,道藏/藏外/老子道德经（晋王弼）.txt,我有三宝持而保之一曰慈二曰俭三曰不敢为天下先,,0.0,,我有三宝，持而保之：一曰慈，二曰俭，三曰不敢为天下先。
zhuangzi-1,zhuangzi,bi,《庄子·人间世》,VARIANT,0.93,n/a,道藏/藏外/庄子.txt,自煎也桂可食故伐之漆可用故割之人皆知有用之用而莫知无之用也卷二下第五德充符鲁,,0.0,,人皆知有用之用，而莫知无用之用也。
zhuangzi-2,zhuangzi,bi,《庄子·养生主》,EDITED,0.7,n/a,道藏/藏外/庄子.txt,乎良庖岁更刀割也族庖月更刀折也今臣之刀十九年矣所解数千牛矣而刀刃若新发于硎彼节者有间而刀刃者无厚以无厚入有间恢恢乎其于游刃必有余地矣是以十九年而刀刃若新发于硎虽然每至于族吾见其难为怵然为戒视为止行,,0.0,,依乎天理，批大郤，导大窾，因其固然。……彼节者有间，而刀刃者无厚；以无厚入有间，恢恢乎其于游刃必有余地矣。
zhuangzi-3,zhuangzi,bi,《庄子·逍遥游》,EXACT,1.0,n/a,道藏/藏外/庄子.txt,北冥有鱼其名为鲲鲲之大不知其几千里也化而为鸟其名为鹏鹏之背不知其几千里也怒而飞其翼若垂天之云,,0.0,,北冥有鱼，其名为鲲。鲲之大，不知其几千里也；化而为鸟，其名为鹏。鹏之背，不知其几千里也；怒而飞，其翼若垂天之云。
zhuangzi-4,zhuangzi,bi,《庄子·养生主》,EXACT,1.0,n/a,道藏/藏外/庄子.txt,吾生也有涯而知也无涯以有涯随无涯殆已,,0.0,,吾生也有涯，而知也无涯。以有涯随无涯，殆已！
zhuangzi-5,zhuangzi,bi,《庄子·齐物论》,EXACT,1.0,n/a,道藏/藏外/庄子.txt,天地与我并生而万物与我为一,,0.0,,天地与我并生，而万物与我为一。
zhuangzi-6,zhuangzi,bi,《庄子·秋水》,VERBATIM,0.96,n/a,道藏/藏外/庄子.txt,濠梁之上庄子曰鲦鱼出游从容是鱼之乐也惠子曰子鱼安知鱼之乐庄子曰子非我安知我不知鱼之乐子曰我非子固不知子矣子固非鱼也子之不知鱼,,0.0,,"惠子曰：""子非鱼，安知鱼之乐？""庄子曰：""子非我，安知我不知鱼之乐？"""
zhuangzi-7,zhuangzi,bi,《庄子·逍遥游》,EXACT,1.0,n/a,道藏/藏外/庄子.txt,至人无己神人无功圣人无名,,0.0,,至人无己，神人无功，圣人无名。
zhuangzi-8,zhuangzi,bi,《庄子·逍遥游》,EXACT,1.0,n/a,道藏/藏外/庄子.txt,鹏之徙于南冥也水击三千里抟扶摇而上者九万里去以六月息者也,,0.0,,鹏之徙于南冥也，水击三千里，抟扶摇而上者九万里，去以六月息者也。
zhuangzi-9,zhuangzi,bi,《庄子·大宗师》,EXACT,1.0,n/a,道藏/藏外/庄子.txt,泉涸鱼相与处于陆相呴以湿相濡以沫不如相忘于江湖,,0.0,,泉涸，鱼相与处于陆，相呴以湿，相濡以沫，不如相忘于江湖。
zhuangzi-10,zhuangzi,bi,《庄子·知北游》,VARIANT,0.88,n/a,道藏/藏外/庄子.txt,偶而应之道也帝之所兴王之所起也生天地之间若白驹之过郄忽然而已注然勃然莫不出焉油然,子藏/农家/钦定授时通考.txt,0.38,时政务宏强国富民之道其三尽地力曰人生天地之间衣食为命食不足则饥衣不足则寒饥寒,人生天地之间，若白驹之过隙，忽然而已。
zhuangzi-11,zhuangzi,bi,《庄子·齐物论》,VERBATIM,1.0,n/a,道藏/藏外/庄子.txt,由照之于天亦因是也是亦彼也彼亦是也彼亦一是非此亦一是非果且有彼乎哉果且无彼是乎哉彼是莫得其偶,,0.0,,彼亦一是非，此亦一是非。果且有彼是乎哉？
zhuangzi-12,zhuangzi,bi,《庄子·齐物论》,EXACT,1.0,n/a,道藏/藏外/庄子.txt,今者吾丧我汝知之乎,,0.0,,今者吾丧我，汝知之乎？
zhuangzi-13,zhuangzi,bi,《庄子·达生》,EXACT,1.0,n/a,道藏/藏外/庄子.txt,用志不分乃凝于神,,0.0,,用志不分，乃凝于神。
zhuangzi-14,zhuangzi,bi,《庄子·养生主》,EXACT,1.0,n/a,道藏/藏外/庄子.txt,以神遇而不以目视官知止而神欲行,,0.0,,以神遇而不以目视，官知止而神欲行。
zhuangzi-15,zhuangzi,bi,《庄子·逍遥游》,EXACT,1.0,n/a,道藏/藏外/庄子.txt,举世而誉之而不加劝举世而非之而不加沮,,0.0,,举世而誉之而不加劝，举世而非之而不加沮。
zhuangzi-16,zhuangzi,bi,《庄子·齐物论》,EXACT,1.0,n/a,道藏/藏外/庄子.txt,方生方死方死方生方可方不可方不可方可,,0.0,,方生方死，方死方生；方可方不可，方不可方可。
zhuangzi-17,zhuangzi,bi,《庄子·逍遥游》,VARIANT,0.93,n/a,道藏/藏外/庄子.txt,弊弊焉以天下为事之人也物莫之伤大浸稽天而不溺大旱金石流土山焦而热是其尘垢秕糠将犹陶铸,,0.0,,大浸稽天而不溺，大旱金石流而不热。
zhuangzi-18,zhuangzi,bi,《庄子·齐物论》,EXACT,1.0,n/a,道藏/藏外/庄子.txt,道昭而不道言辩而不及,,0.0,,道昭而不道，言辩而不及。
zhuangzi-19,zhuangzi,bi,《庄子·至乐》,VARIANT,0.88,n/a,道藏/藏外/庄子.txt,俗之所大苦也故曰至乐无乐至誉无天下是非果未可,,0.0,,至乐无乐，至誉无誉。
zhuangzi-20,zhuangzi,bi,《庄子·人间世》,VARIANT,0.9,n/a,道藏/藏外/庄子.txt,无崖达之入于无疵不知夫螳螂乎怒其臂以当车辙不知其不胜任也是其才之美者也戒之慎之积伐而美者以犯之几,,0.0,,汝不知夫螳螂乎？以其臂当车辙，不知其不胜任也。
liezi-1,liezi,bi,《列子·汤问》,EXACT,1.0,n/a,道藏/藏外/列子.txt,虽我之死有子存焉子又生孙孙又生子子又有子子又有孙子子孙孙无穷匮也而山不加增何苦而不平,,0.0,,虽我之死，有子存焉；子又生孙，孙又生子；子又有子，子又有孙；子子孙孙无穷匮也，而山不加增，何苦而不平？
liezi-2,liezi,bi,《列子·天瑞》,EDITED,0.55,n/a,道藏/藏外/列子.txt,觉其亏亦如人自世至老貌色智态亡日不异皮肤爪发随世随落非婴孩时有停而不易也间不可觉俟至后知杞国有人忧天地崩坠身亡所寄废寝食者又有忧彼之所忧者因往晓之曰天积气耳亡处亡气若屈伸呼吸终日在天中行止奈何忧崩坠乎,,0.0,,"杞国有人忧天地崩坠，身亡所寄，废寝食者。……晓之者曰：""日月星宿，亦积气中之有光耀者，只使坠，亦不能有所中伤。"""
liezi-3,liezi,bi,《列子·黄帝》,VERBATIM,1.0,n/a,道藏/藏外/列子.txt,不殊远也神圣知其如此故其所教训者无所遗逸焉宋有狙公者爱狙养之成群能解狙之意狙亦得公之心损其家口充狙之欲俄而匮焉将限其食恐众狙之不驯于己也先诳之曰与若芧朝三而暮四足乎众狙皆起而怒俄而曰与若芧朝四而暮三足乎众狙皆伏而喜物之以能鄙相笼皆犹此也圣人以智笼群愚亦犹狙公之以智,,0.0,,"宋有狙公者，爱狙。……俄而匮焉，将限其食。恐众狙之不驯于己也，先诳之曰：""与若芧，朝三而暮四，足乎？""众狙皆起而怒。俄而曰：""朝四而暮三，足乎？""众狙皆伏而喜。"
liezi-4,liezi,bi,《列子·黄帝》,EXACT,1.0,n/a,道藏/藏外/列子.txt,天下有常胜之道有不常胜之道常胜之道曰柔常不胜之道曰强,,0.0,,天下有常胜之道，有不常胜之道。常胜之道曰柔，常不胜之道曰强。
liezi-5,liezi,bi,《列子·天瑞》,MISS,0.0,n/a,道藏/藏外/列子.txt,,子藏/诸子/荀子.txt,0.83,之诬也无益而厚受之窃也学者非必为仕而仕者必如学子贡问于孔子曰赐倦于学矣愿息事君孔子曰诗云温恭朝夕执事有恪事君难事君焉,"子贡问于孔子曰：""赐倦于学矣，愿息事君。""……孔子曰：""生无所息。"""
liezi-6,liezi,bi,《列子·说符》,EDITED,0.53,n/a,道藏/藏外/列子.txt,既反孟氏之父子叩胸而让施氏施氏曰凡得时者昌失时者亡子道与吾同而功与吾异失时者也非行之,,0.0,,得时者昌，失时者亡。……夫时不可违，道不可失。
liezi-7,liezi,bi,《列子·汤问》,EDITED,0.61,n/a,道藏/藏外/列子.txt,为聚块也积尘也虽无为而非理也卷第五汤问篇殷汤问于夏革曰古初有物乎夏革曰古初无物今恶得物后之人将谓今之无物可乎殷汤曰然,,0.0,,"汤又问于夏革曰：""……古初有物乎？""夏革曰：""……凡顺天时，不违天时。"""
liezi-8,liezi,bi,《列子·说符》,EXACT,1.0,n/a,道藏/藏外/列子.txt,目将眇者先睹秋毫耳将聋者先闻蚋飞口将爽者先辨淄渑,,0.0,,目将眇者，先睹秋毫；耳将聋者，先闻蚋飞；口将爽者，先辨淄渑。
liezi-9,liezi,bi,《列子·天瑞》,VARIANT,0.92,n/a,道藏/藏外/列子.txt,也鬲如也则知所息矣子贡曰大哉死乎君子息焉小人伏焉仲尼曰赐汝知之矣,子藏/诸子/荀子.txt,1.0,大哉死乎君子息焉小人休焉,大哉死乎！君子息焉，小人休焉。
liezi-10,liezi,bi,《列子·说符》,EXACT,1.0,n/a,道藏/藏外/列子.txt,人而无义唯食而已是鸡狗也,,0.0,,人而无义，唯食而已，是鸡狗也。
liezi-11,liezi,bi,《列子·说符》,EXACT,1.0,n/a,道藏/藏外/列子.txt,形枉则影曲形直则影正,,0.0,,形枉则影曲，形直则影正。
liezi-12,liezi,bi,《列子·说符》,EXACT,1.0,n/a,道藏/藏外/列子.txt,察见渊鱼者不祥智料隐匿者有殃,,0.0,,察见渊鱼者不祥，智料隐匿者有殃。
liezi-13,liezi,bi,《列子·杨朱》,MISS,0.0,n/a,道藏/藏外/列子.txt,,,0.0,,不逆命，不羡寿，不矜名，不毁誉。
liezi-14,liezi,bi,《列子·杨朱》,EXACT,1.0,n/a,道藏/藏外/列子.txt,治大者不治细成大功者不成小,,0.0,,治大者不治细，成大功者不成小。
liezi-15,liezi,bi,《列子·力命》,EXACT,1.0,n/a,道藏/藏外/列子.txt,信命者亡寿夭信理者亡是非,,0.0,,信命者亡寿夭；信理者亡是非。
liezi-16,liezi,bi,《列子·杨朱》,EXACT,1.0,n/a,道藏/藏外/列子.txt,万物齐生齐死齐贤齐愚齐贵齐贱,,0.0,,万物齐生齐死，齐贤齐愚，齐贵齐贱。
liezi-17,liezi,bi,《列子·天瑞》,VARIANT,0.92,n/a,道藏/藏外/列子.txt,吾既己行年九十矣是三乐也贫者士之常也死者人之终也处常得终当何忧哉,子藏/诸子/淮南鸿烈解.txt,0.92,吾既己行年九十矣是三乐也贫者士之常也死者人之终也处常得终尚何忧哉,贫者士之常也，死者民之终也。
liezi-18,liezi,bi,《列子·天瑞》,MISS,0.0,n/a,道藏/藏外/列子.txt,,,0.0,,生者为过客，死者为归人。
liezi-19,liezi,bi,《列子·天瑞》,EXACT,1.0,n/a,道藏/藏外/列子.txt,天地无全功圣人无全能万物无全用,,0.0,,天地无全功，圣人无全能，万物无全用。
liezi-20,liezi,bi,《列子·黄帝》,EXACT,1.0,n/a,道藏/藏外/列子.txt,善游者之数能也忘水也,,0.0,,善游者之数能也，忘水也。
wenzi-1,wenzi,bi,《文子·道原》（发挥老子思想）,MISS,0.0,n/a,道藏/藏外/文子.txt,,,0.0,,道生万物，而万物皆归于道……道法自然。
wenzi-2,wenzi,bi,《文子·上仁》,EDITED,0.54,n/a,道藏/藏外/文子.txt,使自有司以不知为道以禁苛为主如此则百官之事各有所考老子曰食者民之本也民者国之基也故人君者上因天时下尽地理中用人力是以群生以长万物蕃殖春伐,子藏/诸子/淮南子.txt,0.61,君挠于其下侵渔其民以适无穷之欲则百姓无以被天和而履地德矣食者民之本也民者国之本也国者君之本也是故人君者上因天时下尽地财中用人力是,食者民之本也，民者国之基也。故上善者，下之本也；上不善者，下之灾也。
wenzi-3,wenzi,bi,《文子·自然》,MISS,0.0,n/a,道藏/藏外/文子.txt,,,0.0,,上无为，下无不为。故圣王在上，刑措而不用，法令设而不行。
wenzi-4,wenzi,bi,《文子·道原》,EDITED,0.64,n/a,道藏/藏外/文子.txt,裂齿坚于舌而先毙故柔弱者生之干也坚强者死之徒先唱者穷之路后动者达之原夫执道以耦变先亦制后后亦制先何即不失所以制人,子藏/诸子/淮南鸿烈解.txt,0.73,也是故柔弱者生之干也而强者死之徒也干质徒众也先唱者穷之路也后动者达之原也先者𬯎陷故曰穷后者以谋故曰达,先唱者穷之路，后动者达之原。先者难为功，后者易为效。
wenzi-5,wenzi,bi,《文子·道原》,EDITED,0.58,n/a,道藏/藏外/文子.txt,其力不可量故兵强即灭木强即折革强即裂齿坚于舌而先毙故柔弱者生之干也坚强者死之徒先唱者穷之路后动者达之原夫执道以耦变先,子藏/诸子/淮南子.txt,0.62,不可量故兵强则灭木强则折革固则裂齿坚于舌而先之弊是故柔弱者生之干也而坚强者死之徒也先唱者穷之路也后动者达之原也何以知,刚强者死之徒，柔弱者生之干。故曰：坚强者死之徒，柔弱者生之徒。
wenzi-6,wenzi,bi,《文子·道原》,MISS,0.0,n/a,道藏/藏外/文子.txt,,,0.0,,夫道者，立于不敢，先于不争。故莫之能争而反。
wenzi-7,wenzi,bi,《文子·上德》,EDITED,0.56,n/a,道藏/藏外/文子.txt,者形之君也而寂寞者音之主也老子曰天地之道以德为主道为之命物以自正至微甚内不以事贵,,0.0,,天地之道，以德为主。德者，教化之所由也。
wenzi-8,wenzi,bi,《文子·道原》（发挥老子第五十六章）,EDITED,0.53,n/a,道藏/藏外/文子.txt,乎故天下皆知善之为善也斯不善矣知者不言言者不知文子问曰人可以微言乎老子曰何为,子藏/兵家/道德经论兵要义述.txt,0.93,不言其机也言者必不知其要也故曰知者不言言者不知塞其兑闭其门者兵之深机也挫锐解,知者不言，言者不知。故塞其兑，闭其门。
wenzi-9,wenzi,bi,《文子·自然》,VERBATIM,0.97,n/a,道藏/藏外/文子.txt,大好用兵者亡国虽安好战者危故小国寡民虽有什伯之器而勿用老子曰能成霸王者必胜者也能胜敌者必强者也能强者必用人力者也能用人力者必得人心者也能得人心者必自得者也自得者必柔弱者能胜,,0.0,,能成霸王者，必德胜者也；能胜敌者，必强者也；能强者，必用人力者也；能用人力者，必得人心者。
wenzi-10,wenzi,bi,《文子·上德》,MISS,0.0,n/a,道藏/藏外/文子.txt,,子藏/诸子/淮南子.txt,0.5,招摇挟刑德而弗能破者以其无势也故水激则悍矢激则远夫栝淇卫箘簵载以银锡虽有薄缟之幨,水激则悍，矢激则远。人激于名，物激于利。
wenzi-11,wenzi,bi,《文子·自然》,VARIANT,0.8,n/a,道藏/藏外/文子.txt,野辟而无秽故太上下知而有之王道者处无为之事行不言之教清静而不动一度而不摇因循,子藏/兵家/道德经论兵要义述.txt,0.73,为其教既行故曰不言是以云圣人处无为之事行不言之教也夫无为之事盖欲令潜运其功阴,古之为君者，处无为之事，行不言之教。
wenzi-12,wenzi,bi,《文子·自然》,EXACT,1.0,n/a,道藏/藏外/文子.txt,故圣人随时而举事因资而立功,,0.0,,故圣人随时而举事，因资而立功。
wenzi-13,wenzi,bi,《文子·道德》,EDITED,0.6,n/a,道藏/藏外/文子.txt,文子问道老子曰学问不精听道不深凡听者将以达智也将以成行也将以致功名也不精不明,,0.0,,凡听者，将以达智也；……固执而不达，惑矣。
wenzi-14,wenzi,bi,《文子·道原》,MISS,0.0,n/a,道藏/藏外/文子.txt,,子藏/诸子/淮南子.txt,0.61,是故欲刚者必以柔守之欲强者必以弱保之积于柔则刚积于弱则强观其所积以知祸福之乡强胜不若己者,积于柔则刚，积于弱则强。……故曰：柔胜刚，弱胜强。
wenzi-15,wenzi,bi,《文子·上礼》,VARIANT,0.94,n/a,道藏/藏外/文子.txt,扇夏日之裘无用于己万物变为尘埃矣故汤止沸沸乃益甚知其本者去火而已老子曰循性而行谓之道得其天性,,0.0,,故扬汤止沸，沸乃益甚；知其本者，去火而已。
wenzi-16,wenzi,bi,《文子·道德》,EXACT,1.0,n/a,道藏/藏外/文子.txt,上学以神听中学以心听下学以耳听,,0.0,,上学以神听，中学以心听，下学以耳听。
wenzi-17,wenzi,bi,《文子·上德》,EXACT,1.0,n/a,道藏/藏外/文子.txt,一渊不两蛟一雌不二雄,,0.0,,一渊不两蛟，一雌不二雄。
wenzi-18,wenzi,bi,《文子·道德》,EXACT,1.0,n/a,道藏/藏外/文子.txt,神者智之渊也神清则智明,,0.0,,神者智之渊也，神清则智明。
wenzi-19,wenzi,bi,《文子·道德》,MISS,0.0,n/a,道藏/藏外/文子.txt,,子藏/法家/韩非子.txt,0.46,曰以名为首名正物定名倚物徙故圣人执一以静使名自命令事自定既使名命,故圣人执一，以为天下牧民之要。
wenzi-20,wenzi,bi,《文子·上德》,EXACT,1.0,n/a,道藏/藏外/文子.txt,得万人之兵不如闻一言之当,,0.0,,得万人之兵，不如闻一言之当。
heshanggong-1,heshanggong,bi,《老子河上公章句》序意,MISS,0.0,n/a,道藏/藏外/老子道德经河上公章句.txt,,史藏/正史/新唐书.txt,0.18,二部七百九十一卷陆善经以下不著录三十九家三百七十一卷鬻子一卷鬻熊老子道德经二卷李耳又三卷河上公注老子道德经二卷王弼注新记玄言道德二卷又老子指例略二卷蜀才注老子二卷钟会注二卷羊祜注二卷又解释,（河上公注《老子》的核心宗旨）上士学道，先治身而后治国；中士学道，先治国而后治身；下士学道，治国治身两失之。
heshanggong-2,heshanggong,bi,"《老子河上公章句》注第六章""谷神不死""",VERBATIM,1.0,n/a,道藏/藏外/老子道德经河上公章句.txt,中育养精神爱气希言成象第六谷神不死谷养也人能养神则不死也神谓五脏之神也肝藏魂肺藏魄心,,0.0,,谷，养也，人能养神则不死。神，谓五脏之神也。
heshanggong-3,heshanggong,bi,《老子河上公章句》注第十章,MISS,0.0,n/a,道藏/藏外/老子道德经河上公章句.txt,,,0.0,,守一者，万事毕。人能守一，万事自毕。
heshanggong-4,heshanggong,bi,《老子河上公章句》注第二十五章,MISS,0.0,n/a,道藏/藏外/老子道德经河上公章句.txt,,,0.0,,自然者，道之质也。
heshanggong-5,heshanggong,bi,《老子河上公章句》注第七十二章,MISS,0.0,n/a,道藏/藏外/老子道德经河上公章句.txt,,,0.0,,人不畏小威，则大威至。大威者，天诛也。
heshanggong-6,heshanggong,bi,《老子河上公章句》注第十三章,MISS,0.0,n/a,道藏/藏外/老子道德经河上公章句.txt,,,0.0,,以身为国——爱气如爱民，治国如治身。
heshanggong-7,heshanggong,bi,《老子河上公章句》注,MISS,0.0,n/a,道藏/藏外/老子道德经河上公章句.txt,,,0.0,,治身者养神，治国者养民。
heshanggong-8,heshanggong,bi,《老子河上公章句》注第二十五章,MISS,0.0,n/a,道藏/藏外/老子道德经河上公章句.txt,,,0.0,,人法地，法其安静和柔；地法天，法其湛然不动；天法道，法其无为；道法自然，自然者，道之质也。
heshanggong-9,heshanggong,bi,《老子河上公章句》注第四十九章,VARIANT,0.9,n/a,道藏/藏外/老子道德经河上公章句.txt,任德四十九圣人无常心圣人重改更贵因循若自无心以百姓心为心百姓心之所便圣人因而从之善者吾善之百姓为善圣,子藏/兵家/诸葛亮集.txt,0.57,下之言谋及庶士则万物当其目众音佐其耳故经云圣人无常心以百姓为心目为心视口为心言耳为心听身为心安故身之,圣人无常心，以百姓心为心。百姓心之所欲，因而化之。
heshanggong-10,heshanggong,bi,《老子河上公章句》注第六十章,EXACT,1.0,n/a,道藏/藏外/老子道德经河上公章句.txt,烹小鱼不去肠不去鳞不敢挠恐其糜也治国烦则下乱,,0.0,,烹小鱼，不去肠、不去鳞，不敢挠，恐其糜也。治国烦则下乱。
heshanggong-11,heshanggong,bi,《老子河上公章句》注第三章,MISS,0.0,n/a,道藏/藏外/老子道德经河上公章句.txt,,,0.0,,虚其心，使无欲；实其腹，使不饥。……政教平则民不争。
heshanggong-12,heshanggong,bi,《老子河上公章句》注第三十五章,EXACT,1.0,n/a,道藏/藏外/老子道德经河上公章句.txt,用道治国则国安民昌治身则寿命延长,,0.0,,用道治国则国安民昌，治身则寿命延长。
heshanggong-13,heshanggong,bi,《老子河上公章句》注,EDITED,0.5,n/a,道藏/藏外/老子道德经河上公章句.txt,也先揣之后必弃捐金玉满堂莫之能守嗜欲伤神财多累身富贵而骄自遗其咎夫富当赈贫贵当怜,,0.0,,嗜欲伤神，财多累身。……去此二害，可以长生。
heshanggong-14,heshanggong,bi,《老子河上公章句》注,MISS,0.0,n/a,道藏/藏外/老子道德经河上公章句.txt,,,0.0,,善人同处则日闻嘉训，恶人从游则日生邪情。
heshanggong-15,heshanggong,bi,《老子河上公章句》注第二十六章,MISS,0.0,n/a,道藏/藏外/老子道德经河上公章句.txt,,,0.0,,重为轻根——重者制轻，静为躁君——静者制动。
heshanggong-16,heshanggong,bi,《老子河上公章句》注,EXACT,1.0,n/a,道藏/藏外/老子道德经河上公章句.txt,治身者爱气则身全治国者爱民则国安,,0.0,,治身者爱气则身全，治国者爱民则国安。
heshanggong-17,heshanggong,bi,《老子河上公章句》注,MISS,0.0,n/a,道藏/藏外/老子道德经河上公章句.txt,,,0.0,,圣人法道，道法自然。道者，万物之奥也。
heshanggong-18,heshanggong,bi,《老子河上公章句》注,MISS,0.0,n/a,道藏/藏外/老子道德经河上公章句.txt,,,0.0,,天道恶杀而好生，故圣人亦不杀人。
heshanggong-19,heshanggong,bi,《老子河上公章句》注,EDITED,0.64,n/a,道藏/藏外/老子道德经河上公章句.txt,室台榭去此三者处中和行无为则天下自化俭武第三十以道佐人主,,0.0,,守清静，持无为，则天下自化。
heshanggong-20,heshanggong,bi,《老子河上公章句》注,EXACT,1.0,n/a,道藏/藏外/老子道德经河上公章句.txt,天道与人道同天人相通,,0.0,,天道与人道同，天人相通。
guanyinzi-1,guanyinzi,bi,《关尹子》,MISS,0.0,n/a,道藏/藏外/关尹子.txt,,子藏/诸子/淮南子.txt,0.75,知之为知邪无始曰道不可闻闻而非也道不可见见而非也道不可言言而非也孰知形之不形,道不可见，见而非道；道不可闻，闻而非道。
guanyinzi-2,guanyinzi,bi,《关尹子》,EXACT,1.0,n/a,道藏/藏外/关尹子.txt,浑人我同天地,,0.0,,浑人我，同天地。
guanyinzi-3,guanyinzi,bi,《关尹子》,MISS,0.0,n/a,道藏/藏外/关尹子.txt,,,0.0,,心蔽则道塞，心通则道通。
guanyinzi-4,guanyinzi,bi,《关尹子》,MISS,0.0,n/a,道藏/藏外/关尹子.txt,,,0.0,,勿以耳听，当以神听；勿以目视，当以心视。
guanyinzi-5,guanyinzi,bi,《关尹子》,MISS,0.0,n/a,道藏/藏外/关尹子.txt,,,0.0,,未有人而不得道者。得道者，道也；不得道者，亦道也。
guanyinzi-6,guanyinzi,bi,《关尹子》,MISS,0.0,n/a,道藏/藏外/关尹子.txt,,,0.0,,无我而天下者，道也。
guanyinzi-7,guanyinzi,bi,《关尹子》,VARIANT,0.94,n/a,道藏/藏外/关尹子.txt,无形阴阳虽妙能役有气而不能役无气心之所之则气从之气之所之则形应之犹如太虚于一碗中变成万物,,0.0,,心之所之，则气从之；气之所之，则形从之。
guanyinzi-8,guanyinzi,bi,《关尹子》,EXACT,1.0,n/a,道藏/藏外/关尹子.txt,人之善琴者有悲心则声凄凄然有思心则声迟迟然,,0.0,,人之善琴者，有悲心则声凄凄然，有思心则声迟迟然。
guanyinzi-9,guanyinzi,bi,《关尹子》,EXACT,1.0,n/a,道藏/藏外/关尹子.txt,勿轻小事小隙沉舟勿轻小物小虫毒身,,0.0,,勿轻小事，小隙沉舟；勿轻小物，小虫毒身。
guanyinzi-10,guanyinzi,bi,《关尹子》,EXACT,1.0,n/a,道藏/藏外/关尹子.txt,圣人大言金玉小言桔梗,,0.0,,圣人大言金玉，小言桔梗。
guanyinzi-11,guanyinzi,bi,《关尹子》,EXACT,1.0,n/a,道藏/藏外/关尹子.txt,狡胜贼能捕贼勇胜虎能捕虎,,0.0,,狡胜贼，能捕贼；勇胜虎，能捕虎。
guanyinzi-12,guanyinzi,bi,《关尹子》,EXACT,1.0,n/a,道藏/藏外/关尹子.txt,以我之精合天地万物之精,,0.0,,以我之精，合天地万物之精。
guanyinzi-13,guanyinzi,bi,《关尹子》,MISS,0.0,n/a,道藏/藏外/关尹子.txt,,,0.0,,物我无辨，天地浑然。
guanyinzi-14,guanyinzi,bi,《关尹子》,MISS,0.0,n/a,道藏/藏外/关尹子.txt,,,0.0,,天下之物，皆成于空。……形生于空。
guanyinzi-15,guanyinzi,bi,《关尹子》,EDITED,0.56,n/a,道藏/藏外/关尹子.txt,地通我我与天地似契似离纯纯各归曰天地虽大有色有形有数有方吾有非色非形非数非方而天,,0.0,,天地虽大，有色有形；道虽无形，无物不载。
guanyinzi-16,guanyinzi,bi,《关尹子》,MISS,0.0,n/a,道藏/藏外/关尹子.txt,,,0.0,,射者能射，非弓矢之力；知者能知，非书册之识。
guanyinzi-17,guanyinzi,bi,《关尹子》,MISS,0.0,n/a,道藏/藏外/关尹子.txt,,,0.0,,无物非道，无道非物。
guanyinzi-18,guanyinzi,bi,《关尹子》,MISS,0.0,n/a,道藏/藏外/关尹子.txt,,,0.0,,天下之理，非思则不通。……学贵乎思。
guanyinzi-19,guanyinzi,bi,《关尹子》,MISS,0.0,n/a,道藏/藏外/关尹子.txt,,,0.0,,制心一处，无事不办。
guanyinzi-20,guanyinzi,bi,《关尹子》,MISS,0.0,n/a,道藏/藏外/关尹子.txt,,,0.0,,道本无问，问亦无应。……问者答者，皆道也。
gehong-1,gehong,bi,葛洪《抱朴子·畅玄》,MISS,0.0,n/a,道藏/藏外/抱朴子内外篇.txt,,,0.0,,玄者，自然之始祖，而万殊之大宗也。
gehong-2,gehong,bi,葛洪《抱朴子·道意》,EXACT,1.0,n/a,道藏/藏外/抱朴子内外篇.txt,道者涵干括坤其本无名,,0.0,,道者，涵乾括坤，其本无名。
gehong-3,gehong,bi,葛洪《抱朴子·地真》,EDITED,0.69,n/a,道藏/藏外/抱朴子内外篇.txt,得耳浅近庸人虽有志好不能克终矣故一人之身一国之象也胸腹之位犹宫室也四肢之列犹郊境,,0.0,,一人之身，一国之象也。……故治身犹治国也。
gehong-4,gehong,bi,葛洪《抱朴子·道意》,MISS,0.0,n/a,道藏/藏外/抱朴子内外篇.txt,,,0.0,,有欲则乱，无欲则治。
gehong-5,gehong,bi,葛洪《抱朴子·用刑》,MISS,0.0,n/a,道藏/藏外/抱朴子内外篇.txt,,子藏/兵家/三略直解.txt,0.92,游恬淡而不进者重伤人物也夫兵者不祥之器天道恶之不得已而用之是天道,兵者，不祥之器也。……不得已而用之。
gehong-6,gehong,bi,葛洪《抱朴子·用刑》,MISS,0.0,n/a,道藏/藏外/抱朴子内外篇.txt,,,0.0,,用刑者，所以止杀也。……以刑止刑。
gehong-7,gehong,bi,葛洪《抱朴子·博喻》,MISS,0.0,n/a,道藏/藏外/抱朴子内外篇.txt,,,0.0,,良将刚则法天，柔则象地。
gehong-8,gehong,bi,葛洪《抱朴子·博喻》,EXACT,1.0,n/a,道藏/藏外/抱朴子内外篇.txt,志合者不以山海为远道乖者不以咫尺为近,,0.0,,志合者不以山海为远，道乖者不以咫尺为近。
gehong-9,gehong,bi,葛洪《抱朴子·任能》,MISS,0.0,n/a,道藏/藏外/抱朴子内外篇.txt,,,0.0,,金玉之轻，贤才之重。……得才者昌。
gehong-10,gehong,bi,葛洪《抱朴子·知止》,EXACT,1.0,n/a,道藏/藏外/抱朴子内外篇.txt,知足者常足不知足者无足,,0.0,,知足者常足，不知足者无足。
gehong-11,gehong,bi,葛洪《抱朴子·知止》,MISS,0.0,n/a,道藏/藏外/抱朴子内外篇.txt,,,0.0,,知止者常止，不止则倾。
gehong-12,gehong,bi,葛洪《抱朴子·养生论》,MISS,0.0,n/a,道藏/藏外/抱朴子内外篇.txt,,,0.0,,善养生者，先除六害：一曰名利，二曰声色，三曰货财，四曰滋味，五曰佞妄，六曰沮嫉。
gehong-13,gehong,bi,葛洪《抱朴子·地真》,MISS,0.0,n/a,道藏/藏外/抱朴子内外篇.txt,,,0.0,,外物乱目，内声惑耳。……神驰于外，则精亡于内。
gehong-14,gehong,bi,葛洪《抱朴子·博喻》,MISS,0.0,n/a,道藏/藏外/抱朴子内外篇.txt,,,0.0,,学而不知道，犹不学也。
gehong-15,gehong,bi,葛洪《抱朴子·用刑》,MISS,0.0,n/a,道藏/藏外/抱朴子内外篇.txt,,,0.0,,良治世者，不尚武功。……兵者凶器，不宜多动。
gehong-16,gehong,bi,葛洪《抱朴子·极言》,EDITED,0.71,n/a,道藏/藏外/抱朴子内外篇.txt,之者如苗禾之播殖莫之觉也而忽茂矣故治身养性务谨其细不可以小益为不平而不修不可以小损为,史藏/正史/新唐书.txt,0.41,能无小恶恶不积无害于正小人时有小善善不积不足以忠今谓之善人矣复虑其不信何异立直木,治身养性，务谨其细。……小善不积不足以成德。
gehong-17,gehong,bi,葛洪《抱朴子·用刑》,MISS,0.0,n/a,道藏/藏外/抱朴子内外篇.txt,,,0.0,,虎狼之兽，不可尽杀；奸佞之人，不可尽除。
gehong-18,gehong,bi,葛洪《抱朴子·博喻》,MISS,0.0,n/a,道藏/藏外/抱朴子内外篇.txt,,,0.0,,大鹏飞天，非一羽之轻；万物之成，非一力之功。
gehong-19,gehong,bi,葛洪《抱朴子·博喻》,EDITED,0.71,n/a,道藏/藏外/抱朴子内外篇.txt,而杀韩非庞防患不如而刑孙膑抱朴子曰用得其长则才无或弃偏诘其短则触物无可故轻罗雾縠,,0.0,,用得其长，则才无弃；取当其短，则士无不用。
gehong-20,gehong,bi,葛洪《抱朴子·博喻》,VARIANT,0.93,n/a,道藏/藏外/抱朴子内外篇.txt,之影参差之上无整齐之下抱朴子曰不睹琼琨之熠烁则不觉瓦砾之可贱不觌虎豹之文蔚则不知犬羊,,0.0,,不睹琼琨之熠烁，则不觉瓦砾之可憎。
taoyuanming-1,taoyuanming,bi,陶渊明《饮酒》,VARIANT,0.85,n/a,集藏/四库别集/陶渊明集.txt,结庐在人境而无车马喧问君何能尔心远地自偏采菊东篱下悠然见南山山气日夕佳飞鸟相与还此中有真意欲辩已,,0.0,,采菊东篱下，悠然见南山。此中有真意，欲辨已忘言。
taoyuanming-2,taoyuanming,bi,《晋书·陶渊明传》,MISS,0.0,n/a,集藏/四库别集/陶渊明集.txt,,,0.0,,吾不能为五斗米折腰，拳拳事乡里小人邪！
taoyuanming-3,taoyuanming,bi,陶渊明《归去来兮辞》,EXACT,1.0,n/a,集藏/四库别集/陶渊明集.txt,归去来兮田园将芜胡不归,,0.0,,归去来兮，田园将芜胡不归！
taoyuanming-4,taoyuanming,bi,陶渊明《归去来兮辞》,EXACT,1.0,n/a,集藏/四库别集/陶渊明集.txt,悟已往之不谏知来者之可追实迷途其未远觉今是而昨非,,0.0,,悟已往之不谏，知来者之可追。实迷途其未远，觉今是而昨非。
taoyuanming-5,taoyuanming,bi,陶渊明《归去来兮辞》,EXACT,1.0,n/a,集藏/四库别集/陶渊明集.txt,云无心以出岫鸟倦飞而知还,,0.0,,云无心以出岫，鸟倦飞而知还。
taoyuanming-6,taoyuanming,bi,陶渊明《桃花源记》,VARIANT,0.88,n/a,集藏/四库别集/陶渊明集.txt,答之便要还家设酒杀鸡作食村中闻有此人咸来问讯自云先世避秦时乱率妻子邑人来此绝境不复出焉遂与外人间隔问今是何世乃不知有汉无,,0.0,,先世避秦时乱，率妻子邑人来此绝境……乃不知有汉，无论魏晋。
taoyuanming-7,taoyuanming,bi,陶渊明《读山海经》,VARIANT,0.9,n/a,集藏/四库别集/陶渊明集.txt,精卫衔微木将以填沧海刑天舞干戚猛志故常在同物既无虑化,,0.0,,刑天舞干戚，猛志固常在。
taoyuanming-8,taoyuanming,bi,陶渊明《读山海经》,EDITED,0.55,n/a,集藏/四库别集/陶渊明集.txt,有余迹寄邓林功竟在身后读山海经十三首其十精卫衔微木将以填沧海刑天舞干戚猛志故常在同物既无虑化去不,,0.0,,精卫衔微木，将以填沧海。……徒设在昔心，良辰讵可待。
taoyuanming-9,taoyuanming,bi,陶渊明《五柳先生传》,EXACT,1.0,n/a,集藏/四库别集/陶渊明集.txt,好读书不求甚解每有会意便欣然忘食,,0.0,,好读书，不求甚解；每有会意，便欣然忘食。
taoyuanming-10,taoyuanming,bi,陶渊明《五柳先生传》,EXACT,1.0,n/a,集藏/四库别集/陶渊明集.txt,短褐穿结箪瓢屡空晏如也,,0.0,,短褐穿结，箪瓢屡空，晏如也。
taoyuanming-11,taoyuanming,bi,陶渊明《五柳先生传》,EXACT,1.0,n/a,集藏/四库别集/陶渊明集.txt,不戚戚于贫贱不汲汲于富贵,,0.0,,不戚戚于贫贱，不汲汲于富贵。
taoyuanming-12,taoyuanming,bi,陶渊明《杂诗》,EXACT,1.0,n/a,集藏/四库别集/陶渊明集.txt,盛年不重来一日难再晨及时当勉励岁月不待人,,0.0,,盛年不重来，一日难再晨。及时当勉励，岁月不待人。
taoyuanming-13,taoyuanming,bi,陶渊明《杂诗》,EXACT,1.0,n/a,集藏/四库别集/陶渊明集.txt,人生无根蒂飘如陌上尘,,0.0,,人生无根蒂，飘如陌上尘。
taoyuanming-14,taoyuanming,bi,陶渊明《杂诗》,EXACT,1.0,n/a,集藏/四库别集/陶渊明集.txt,落地为兄弟何必骨肉亲,,0.0,,落地为兄弟，何必骨肉亲！
taoyuanming-15,taoyuanming,bi,陶渊明《归园田居》,EXACT,1.0,n/a,集藏/四库别集/陶渊明集.txt,衣沾不足惜但使愿无违,,0.0,,衣沾不足惜，但使愿无违。
taoyuanming-16,taoyuanming,bi,陶渊明《归园田居》,EXACT,1.0,n/a,集藏/四库别集/陶渊明集.txt,久在樊笼里复得返自然,,0.0,,久在樊笼里，复得返自然。
taoyuanming-17,taoyuanming,bi,陶渊明《归园田居》,VERBATIM,0.95,n/a,集藏/四库别集/陶渊明集.txt,方宅十余亩草屋八九间榆柳荫后檐桃李罗堂前暧暧远人村依依墟里烟狗吠深巷中鸡鸣桑树巅户庭无尘杂虚室有余闲久在,,0.0,,暧暧远人村，依依墟里烟。狗吠深巷中，鸡鸣桑树颠。
taoyuanming-18,taoyuanming,bi,陶渊明《归园田居》,EXACT,1.0,n/a,集藏/四库别集/陶渊明集.txt,户庭无尘杂虚室有余闲,,0.0,,户庭无尘杂，虚室有余闲。
taoyuanming-19,taoyuanming,bi,陶渊明诫子语,MISS,0.0,n/a,集藏/四库别集/陶渊明集.txt,,,0.0,,此亦人子也，可善遇之。
taoyuanming-20,taoyuanming,bi,陶渊明《归去来兮辞》,EXACT,1.0,n/a,集藏/四库别集/陶渊明集.txt,既自以心为形役奚惆怅而独悲,,0.0,,既自以心为形役，奚惆怅而独悲。
jikang-1,jikang,bi,嵇康《释私论》,EXACT,1.0,n/a,集藏/四库别集/嵇中散集.txt,越名教而任自然,,0.0,,越名教而任自然。
jikang-2,jikang,bi,嵇康《与山巨源绝交书》,EXACT,1.0,n/a,集藏/四库别集/嵇中散集.txt,非汤武而薄周孔,,0.0,,非汤武而薄周孔。
jikang-3,jikang,bi,嵇康《声无哀乐论》,MISS,0.0,n/a,集藏/四库别集/嵇中散集.txt,,,0.0,,声无哀乐，哀乐在心。
jikang-4,jikang,bi,嵇康《卜疑》,EXACT,1.0,n/a,集藏/四库别集/嵇中散集.txt,内不愧心外不负俗,,0.0,,内不愧心，外不负俗。
jikang-5,jikang,bi,嵇康《养生论》,MISS,0.0,n/a,集藏/四库别集/嵇中散集.txt,,,0.0,,荣华不足顾，贫贱不足忧。
jikang-6,jikang,bi,嵇康处世态度,MISS,0.0,n/a,集藏/四库别集/嵇中散集.txt,,,0.0,,（嵇康不屑于经营产业）良田美宅，不营自至。
jikang-7,jikang,bi,嵇康《养生论》,MISS,0.0,n/a,集藏/四库别集/嵇中散集.txt,,,0.0,,藐千金之重，忽一掷之轻。
jikang-8,jikang,bi,嵇康《养生论》,VARIANT,0.8,n/a,集藏/四库别集/嵇中散集.txt,天和以自然以道德为师友玩阴阳之变化得长生之永久任自然以托身并天地而不朽者孰享之哉养生有五难名利不防此一难也喜怒不除此二难也声色不去此三难也滋味不绝此四难也神虑转发此五难也五者必,,0.0,,养生有五难：名利不去为一难，喜怒不除为二难，声色不去为三难，滋味不绝为四难，神虑精散为五难。
jikang-9,jikang,bi,嵇康《养生论》,EXACT,1.0,n/a,集藏/四库别集/嵇中散集.txt,修性以保神安心以全身,,0.0,,修性以保神，安心以全身。
jikang-10,jikang,bi,嵇康《养生论》,MISS,0.0,n/a,集藏/四库别集/嵇中散集.txt,,,0.0,,清虚静泰，少私寡欲。
jikang-11,jikang,bi,嵇康《赠秀才入军》,VARIANT,0.88,n/a,集藏/四库别集/嵇中散集.txt,息徒兰圃秣马华山流磻平皋垂纶长川目送归鸿手挥五俯仰自得游心太嘉彼钓叟得鱼忘筌,,0.0,,目送归鸿，手挥五弦。俯仰自得，游心太玄。
jikang-12,jikang,bi,嵇康《赠秀才入军》,VARIANT,0.88,n/a,集藏/四库别集/嵇中散集.txt,川目送归鸿手挥五俯仰自得游心太嘉彼钓叟得鱼忘,,0.0,,俯仰自得，游心太玄。
jikang-13,jikang,bi,《世说新语·雅量》,MISS,0.0,n/a,集藏/四库别集/嵇中散集.txt,,,0.0,,康临刑东市，神气不变，顾视日影，索琴而弹之。
jikang-14,jikang,bi,《世说新语·雅量》,MISS,0.0,n/a,集藏/四库别集/嵇中散集.txt,,,0.0,,广陵散于今绝矣！
jikang-15,jikang,bi,嵇康《与山巨源绝交书》,VARIANT,0.92,n/a,集藏/四库别集/嵇中散集.txt,所不容此甚不可一也刚肠疾恶轻肆直言遇事便发此甚不可二也以促中小心,,0.0,,刚肠嫉恶，轻肆直言，遇事便发。
jikang-16,jikang,bi,嵇康《与山巨源绝交书》,MISS,0.43,n/a,集藏/四库别集/嵇中散集.txt,好尽之累久与事接疵衅日兴虽欲无患其可得乎又人伦有礼朝廷有法自惟至熟有必不堪者七甚不可者二卧喜晚起而当关呼之不置一不堪也抱琴行吟弋钓草野而吏卒守之不得妄动二不堪也危坐一时痹不得揺性复多虱把搔无巳而当褁以,,0.0,,卧喜晚起，而当关呼之不置，一不堪也。……又每非汤武而薄周孔，在人间不止，此事会显，世教所不容，此甚不可一也。
jikang-17,jikang,bi,嵇康《与山巨源绝交书》,MISS,0.0,n/a,集藏/四库别集/嵇中散集.txt,,,0.0,,守死善道，岂不诚哉！
jikang-18,jikang,bi,嵇康借用孔子语,MISS,0.0,n/a,集藏/四库别集/嵇中散集.txt,,子藏/诸子/明末清初耶稣会文献.txt,1.0,鸟兽不可与同群吾非斯人之徒与而谁与,鸟兽不可与同群，吾非斯人之徒与而谁与！
jikang-19,jikang,bi,嵇康音乐美学思想,MISS,0.0,n/a,集藏/四库别集/嵇中散集.txt,,,0.0,,得意而忘言。
jikang-20,jikang,bi,嵇康自然观,MISS,0.0,n/a,集藏/四库别集/嵇中散集.txt,,,0.0,,不学而识，不为而成——自然之道也。
fanli-1,fanli,zhuan,《史记·越王勾践世家》,MISS,0.0,n/a,子藏/诸子/范子计然.txt,,史藏/正史/史记.txt,1.0,蜚鸟尽良弓藏狡兔死走狗烹越王为人长颈鸟喙可与共患难不可与共乐子何不去,蜚鸟尽，良弓藏；狡兔死，走狗烹。越王为人长颈鸟喙，可与共患难，不可与共乐。子何不去？
fanli-2,fanli,zhuan,《史记·越王勾践世家》,MISS,0.0,n/a,子藏/诸子/范子计然.txt,,史藏/正史/史记.txt,0.92,后东越闽君皆其后也范蠡事越王句践既苦身戮力与句践深谋二十余年竟灭吴报会稽之耻北渡兵于淮以临齐晋号令中国以尊周室句,范蠡事越王勾践，既苦身戮力，与勾践深谋二十余年，竟灭吴。
fanli-3,fanli,zhuan,《越绝书》引范蠡语,MISS,0.0,n/a,子藏/诸子/范子计然.txt,,史藏/别史/国语.txt,0.84,者因天地之常与之俱行后则用阴先用则阳近则用柔远则用刚后无阴蔽先无阳察用人无艺往从其所刚强,……臣闻之，后则用阴，先则用阳。近则用柔，远则用刚。
fanli-4,fanli,zhuan,《史记·货殖列传》,MISS,0.0,n/a,子藏/诸子/范子计然.txt,,史藏/正史/史记.txt,1.0,积居与时逐而不责于人故善治生者能择人而任时十九年之中三致千金再分散与贫交疏昆弟此所谓富好行其德者也后年衰老而听子孙子孙修业而息之遂至,十九年中三致千金，再分散与贫交疏昆弟。此所谓富好行其德者也。
fanli-5,fanli,zhuan,《史记·货殖列传》引计然/范蠡之术,EDITED,0.55,n/a,子藏/诸子/范子计然.txt,矣善计倪之谋也吴越春秋句践阴谋外传杂录计然曰知斗则修备时用则知物二者刑则万货之情可得而观已故岁在金穰水毁,史藏/正史/史记.txt,0.55,乎昔者越王句践困于会稽之上乃用范蠡计然计然曰知斗则修备时用则知物二者形则万货之情可得而观已故岁在金穰水毁,知斗则修备，时用则知物……旱则资舟，水则资车，物之理也。
fanli-6,fanli,zhuan,《史记·货殖列传》引计然之策,VERBATIM,0.96,n/a,子藏/诸子/范子计然.txt,霸矣善计倪之谋也吴越春秋句践阴谋外传杂录计然曰知斗则修备时用则知物二者刑则万货之情可得而观已故岁在金穰水毁木饥火旱王,,0.0,,知斗则修备，时用则知物，二者形则万货之情可得而观已。
fanli-7,fanli,zhuan,《史记·货殖列传》引计然之策,EXACT,1.0,n/a,子藏/诸子/范子计然.txt,贵出如粪土贱取如珠玉财币欲其行如流水,,0.0,,贵出如粪土，贱取如珠玉。财币欲其行如流水。
fanli-8,fanli,zhuan,《史记·货殖列传》,MISS,0.0,n/a,子藏/诸子/范子计然.txt,,史藏/正史/史记.txt,0.59,其能弃财故也而长者不能故卒以杀其弟事之理也无足悲者吾日夜固以望其丧之来也故范蠡三徙成名于天下非苟去而已所止必成名卒老死于陶故世传曰陶朱公太史公曰禹之功大矣渐九川定九州至于今,范蠡三徙，成名于天下，非苟去而已，所止必成名。……故范蠡之谓也：居官则至卿相，居家则致千金。
fanli-9,fanli,zhuan,《国语·越语》引范蠡语,MISS,0.0,n/a,子藏/诸子/范子计然.txt,,史藏/别史/国语.txt,0.94,子将奈何对曰微君王之言臣故将谒之臣闻从时者犹救火追亡人也蹶而趋之惟恐弗及王曰诺遂兴师伐吴至于五湖,从时者，犹救火、追亡人也，蹶而趋之，唯恐弗及。
fanli-10,fanli,zhuan,《国语·越语》引范蠡语,MISS,0.0,n/a,子藏/诸子/范子计然.txt,,史藏/别史/国语.txt,1.0,天道盈而不溢盛而不骄劳而不矜其功,天道盈而不溢，盛而不骄，劳而不矜其功。
fanli-11,fanli,zhuan,《史记·货殖列传》,MISS,0.0,n/a,子藏/诸子/范子计然.txt,,史藏/正史/史记.txt,0.67,闻其贤以为相范蠡喟然叹曰居家则致千金居官则至卿相此布衣之极也久受尊名不祥乃归相印尽散,居官则至卿相，居家则致千金，此布衣之极也。
fanli-12,fanli,zhuan,《史记·货殖列传》引计然策,EXACT,1.0,n/a,子藏/诸子/范子计然.txt,知斗则修备时用则知物,,0.0,,知斗则修备，时用则知物。
fanli-13,fanli,zhuan,《史记·货殖列传》,EXACT,1.0,n/a,子藏/诸子/范子计然.txt,贵上极则反贱贱下极则反贵贵出如粪土贱取如珠玉,,0.0,,贵上极则反贱，贱下极则反贵。贵出如粪土，贱取如珠玉。
fanli-14,fanli,zhuan,《史记·货殖列传》,EXACT,1.0,n/a,子藏/诸子/范子计然.txt,财币欲其行如流水,,0.0,,财币欲其行如流水。
fanli-15,fanli,zhuan,《国语·越语》,MISS,0.0,n/a,子藏/诸子/范子计然.txt,,史藏/别史/国语.txt,0.95,今岁晚矣子将奈何对曰微君王之言臣故将谒之臣闻从时者犹救火追亡人也蹶而趋之惟恐弗及王曰诺遂兴师伐吴至于五湖,臣闻从时者，犹救火追亡人也，蹶而趋之，唯恐弗及。
fanli-16,fanli,zhuan,《国语·越语》,MISS,0.0,n/a,子藏/诸子/范子计然.txt,,史藏/别史/国语.txt,1.0,持盈者与天定倾者与人节事者与地,持盈者与天，定倾者与人，节事者与地。
fanli-17,fanli,zhuan,《国语·越语》,MISS,0.0,n/a,子藏/诸子/范子计然.txt,,史藏/别史/国语.txt,1.0,天时不作弗为人客人事不起弗为之始,天时不作，弗为人客；人事不起，弗为之始。
fanli-18,fanli,zhuan,《国语·越语》,MISS,0.0,n/a,子藏/诸子/范子计然.txt,,史藏/别史/国语.txt,1.0,得时无怠时不再来,得时无怠，时不再来。
fanli-19,fanli,zhuan,《越绝书》引范蠡语,MISS,0.0,n/a,子藏/诸子/范子计然.txt,,史藏/正史/史记.txt,0.75,也战者逆德也争者事之末也阴谋逆德好用凶器试身于所末上帝禁之行者不,阴谋逆德，好用凶器，身危国殆。
fanli-20,fanli,zhuan,《国语·越语》,MISS,0.0,n/a,子藏/诸子/范子计然.txt,,史藏/别史/国语.txt,0.88,缩以为常四时以为纪无过天极究数而止天道皇皇日月以为常明者以为法微者则是行阳至而阴阴至,天道皇皇，日月以为常。……阳至而阴，阴至而阳。
zhangliang-1,zhangliang,zhuan,《史记·高祖本纪》刘邦语,EXACT,1.0,n/a,史藏/正史/史记.txt,夫运筹策帷帐之中决胜于千里之外吾不如子房,,0.0,,夫运筹策帷帐之中，决胜于千里之外，吾不如子房。
zhangliang-2,zhangliang,zhuan,《史记·留侯世家》,EXACT,1.0,n/a,史藏/正史/史记.txt,愿弃人间事欲从赤松子游耳乃学辟谷道引轻身,,0.0,,愿弃人间事，欲从赤松子游耳。乃学辟谷，道引轻身。
zhangliang-3,zhangliang,zhuan,《史记·留侯世家》,VARIANT,0.9,n/a,史藏/正史/史记.txt,曰何哉张良对曰臣请藉前箸为大王筹之曰昔者汤伐桀而封其,,0.0,,臣请借前箸为大王筹之。
zhangliang-4,zhangliang,zhuan,《史记·留侯世家》,EXACT,1.0,n/a,史藏/正史/史记.txt,沛公殆天授,,0.0,,沛公殆天授。
zhangliang-5,zhangliang,zhuan,《史记·留侯世家》,EXACT,1.0,n/a,史藏/正史/史记.txt,良尝学礼淮阳东见仓海君得力士为铁椎重百二十斤秦皇帝东游良与客狙击秦皇帝博浪沙中误中副车,,0.0,,良尝学礼淮阳。东见仓海君。得力士，为铁椎重百二十斤。秦皇帝东游，良与客狙击秦皇帝博浪沙中，误中副车。
zhangliang-6,zhangliang,zhuan,《史记·留侯世家》（张良谏止刘邦封六国后裔事）,MISS,0.44,n/a,史藏/正史/史记.txt,下乎其不可八矣且夫楚唯无彊六国立者复桡而从之陛下焉得而臣之诚用客之谋陛下事去矣汉王辍食吐哺骂曰竖儒几败而公事令趣销印汉四年韩信破齐而欲自立为齐王汉王怒张良说汉王汉王使良授齐王信印语,,0.0,,"（张良始终劝刘邦忍耐）汉王辍食吐哺，骂曰：""竖儒，几败而公事！""……良曰：""请借前箸为大王筹之。""乃陈八难。"
zhangliang-7,zhangliang,zhuan,《史记·留侯世家》,VARIANT,0.86,n/a,史藏/正史/史记.txt,副车秦皇帝大怒大索天下求贼甚急为张良故也良乃更名姓亡匿下邳良尝间从容步游下邳圯上有一老父衣褐至良所直堕其履圯下顾谓良曰孺子下取履良鄂然欲殴之为其老彊忍下取履父曰履我良业为取履因长跪履之父以足受笑而去良,子藏/诸子/论衡.txt,0.82,张良椎秦始皇误中副车始皇大怒索求张良张良变姓名亡匿下邳常闲从容步游下邳泗汜上有一老父衣褐至良所直堕其履泗汜下顾谓张良孺子下取履良愕然欲殴之以其老为强忍下取履因跪进履父以足受履笑去良大惊父去,"良尝学礼淮阳。……有一老父，衣褐，至良所，直堕其履圯下，顾谓良曰：""孺子，下取履！""良愕然，欲殴之。为其老，强忍，下取履。"
zhangliang-8,zhangliang,zhuan,《史记·留侯世家》引张良语意,MISS,0.48,n/a,史藏/正史/史记.txt,大怒大索天下求贼甚急为张良故也良乃更名姓亡匿下邳良尝间从容步游下邳圯上有一老父衣褐至良所直堕其履圯下顾谓良曰孺子下取履良鄂然欲殴,,0.0,,"天下已定，高封赏群臣。良尝闲从容步游下邳圯上。语曰：""为天下者不顾家。"""
zhangliang-9,zhangliang,zhuan,《史记·留侯世家》,VERBATIM,0.97,n/a,史藏/正史/史记.txt,流涕上起去罢酒竟不易太子者留侯本招此四人之力也留侯从上击代出奇计马邑下及立萧何相国所与上从容言天下事甚众非天下所以存亡故不著留侯乃称曰家世相韩及韩灭不爱万金之资为韩报雠彊秦天下振动今以三寸舌为帝者师封万户位列侯此布衣之极于良足矣愿弃人间事欲从赤松子游耳乃学辟谷道引轻身会高,,0.0,,"留侯乃称曰：""家世相韩，及韩灭，不爱万金之资，为韩报仇强秦，天下振动。今以三寸舌为帝者师，封万户侯，此布衣之极，于良足矣。愿弃人间事，欲从赤松子游耳。"""
zhangliang-10,zhangliang,zhuan,《史记·留侯世家》引张良辞谢时语,VARIANT,0.85,n/a,史藏/正史/史记.txt,谷道引轻身会高帝崩吕后德留侯乃彊食之曰人生一世间如白驹过隙何至自苦如此乎留侯不得已彊听而食后八年卒谥为文,,0.0,,（对刘邦）人生一世间，如白驹过隙，何至自苦如此乎！
zhangliang-11,zhangliang,zhuan,《史记·留侯世家》,EXACT,1.0,n/a,史藏/正史/史记.txt,沛公殆天授,,0.0,,沛公殆天授。
zhangliang-12,zhangliang,zhuan,《史记·高祖本纪》,EDITED,0.74,n/a,史藏/正史/史记.txt,人功得地而不予人利此所以失天下也高祖曰公知其一未知其二夫运筹策帷帐之中决胜于千里之外吾不如子房镇国家抚百姓给馈𫗵不绝粮道吾不如萧何连,子藏/诸子/长短经.txt,0.63,胜其任以成九功尧遂乘成功以王天下汉高帝曰夫运筹防于帏幄之中决胜于千里之外吾不如子房镇国家抚百姓给饷馈不绝粮道吾不如萧何连百万,夫运筹策帷帐之中，决胜于千里之外，吾不如子房。……此三者，皆人杰也。
zhangliang-13,zhangliang,zhuan,《史记·留侯世家》,EXACT,1.0,n/a,史藏/正史/史记.txt,此天以臣授陛下,,0.0,,此天以臣授陛下。
zhangliang-14,zhangliang,zhuan,《史记·留侯世家》,EXACT,1.0,n/a,史藏/正史/史记.txt,良为他人言皆不省良曰沛公殆天授故遂从之,,0.0,,"良为他人言，皆不省。良曰：""沛公殆天授。""故遂从之。"
zhangliang-15,zhangliang,zhuan,《史记·留侯世家》,EXACT,1.0,n/a,史藏/正史/史记.txt,臣愿封留足矣不敢当三万户,,0.0,,臣愿封留足矣，不敢当三万户。
zhangliang-16,zhangliang,zhuan,《史记·留侯世家》,EXACT,1.0,n/a,史藏/正史/史记.txt,始臣起下邳与上会留此天以臣授陛下,,0.0,,始臣起下邳，与上会留，此天以臣授陛下。
zhangliang-17,zhangliang,zhuan,《史记·留侯世家》,VARIANT,0.89,n/a,史藏/正史/史记.txt,下事甚众非天下所以存亡故不著留侯乃称曰家世相韩及韩灭不爱万金之资为韩报雠彊秦天下振动今以三寸舌为帝者,,0.0,,家世相韩，及韩灭，不爱万金之资，为韩报仇强秦。
zhangliang-18,zhangliang,zhuan,《史记·留侯世家》,MISS,0.0,n/a,史藏/正史/史记.txt,,,0.0,,为韩报仇强秦，天下振动。
zhangliang-19,zhangliang,zhuan,《史记·留侯世家》,VERBATIM,1.0,n/a,史藏/正史/史记.txt,击秦峣下军良说曰秦兵尚彊未可轻臣闻其将屠者子贾竖易动以利愿沛公且留壁使人先行为五万人,,0.0,,"良曰：""臣闻其将屠者子，贾竖易动以利。……"""
zhangliang-20,zhangliang,zhuan,《史记·留侯世家》,VARIANT,0.84,n/a,史藏/正史/史记.txt,尚彊未可轻臣闻其将屠者子贾竖易动以利愿沛公且留壁使人先行为五万人具食益为张旗帜诸山上为疑兵令郦食其持,子藏/兵家/百战奇略.txt,0.84,秦兵尚强未可轻闻其将多屠贾子易以利动愿沛公且留壁使人先行为五万人具食且日益张旗帜为疑兵而使郦生持重宝,"良说曰：""……愿沛公且留壁，使人先行——为五万人具食……"""
zhugeliang-1,zhugeliang,zhuan,诸葛亮《诫子书》,VARIANT,0.93,n/a,子藏/兵家/诸葛亮集.txt,书瞻今已八岁聪慧可爱嫌其早成恐不为重器耳蜀志本传诫子书夫君子之行静以修身俭以养德非澹薄无以明志非宁静无以致远夫学欲须静也才欲须学也非,子藏/诸子/淮南子.txt,0.41,所同侧目而视侧耳而听延颈举踵而望也是故非澹薄无以明德非宁静无以致远非宽大无以兼覆非慈厚无以怀众非平正无以制断是故贤主之用,夫君子之行，静以修身，俭以养德。非淡泊无以明志，非宁静无以致远。
zhugeliang-2,zhugeliang,zhuan,诸葛亮《后出师表》,VERBATIM,0.96,n/a,子藏/兵家/诸葛亮集.txt,吴更违盟关羽毁败秭归蹉跌曹丕称帝凡事如此难可逆见臣鞠躬尽力死而后已至于成则败利钝非臣之明所能逆也蜀志本传裴松之注裴注云出,,0.0,,臣鞠躬尽力，死而后已；至于成败利钝，非臣之明所能逆睹也。
zhugeliang-3,zhugeliang,zhuan,诸葛亮《出师表》,VERBATIM,0.96,n/a,子藏/兵家/诸葛亮集.txt,亲之信之则汉室之隆可指日而待也臣本布衣躬耕南阳苟全性命于乱世不求闻达于诸侯先帝不以臣卑鄙猥白自枉屈三顾臣于草庐之中咨,,0.0,,臣本布衣，躬耕于南阳，苟全性命于乱世，不求闻达于诸侯。
zhugeliang-4,zhugeliang,zhuan,《三国演义》第四十九回（小说家言，非史实但深入人心）,MISS,0.0,n/a,子藏/兵家/诸葛亮集.txt,,,0.0,,欲破曹公，宜用火攻；万事俱备，只欠东风。
zhugeliang-5,zhugeliang,zhuan,诸葛亮《将诫》,EXACT,1.0,n/a,子藏/兵家/诸葛亮集.txt,将不可骄骄则失礼失礼则人离人离则众叛,,0.0,,将不可骄，骄则失礼，失礼则人离，人离则众叛。
zhugeliang-6,zhugeliang,zhuan,诸葛亮《诫子书》,EXACT,1.0,n/a,子藏/兵家/诸葛亮集.txt,夫君子之行静以修身俭以养德,,0.0,,夫君子之行，静以修身，俭以养德。
zhugeliang-7,zhugeliang,zhuan,诸葛亮《诫外生书》,EXACT,1.0,n/a,子藏/兵家/诸葛亮集.txt,夫志当存高远慕先贤绝情欲弃凝滞,,0.0,,夫志当存高远，慕先贤，绝情欲，弃凝滞。
zhugeliang-8,zhugeliang,zhuan,诸葛亮《将诫》,EXACT,1.0,n/a,子藏/兵家/诸葛亮集.txt,不傲才以骄人不以宠而作威,,0.0,,不傲才以骄人，不以宠而作威。
zhugeliang-9,zhugeliang,zhuan,诸葛亮《将苑·将志》,EXACT,1.0,n/a,子藏/兵家/诸葛亮集.txt,善将者不恃强不怙势宠之而不喜辱之而不惧,,0.0,,善将者，不恃强，不怙势，宠之而不喜，辱之而不惧。
zhugeliang-10,zhugeliang,zhuan,诸葛亮《诫子书》,EXACT,1.0,n/a,子藏/兵家/诸葛亮集.txt,夫君子之行静以修身俭以养德,,0.0,,夫君子之行，静以修身，俭以养德。
zhugeliang-11,zhugeliang,zhuan,诸葛亮《诫子书》,VERBATIM,1.0,n/a,子藏/兵家/诸葛亮集.txt,澹薄无以明志非宁静无以致远夫学欲须静也才欲须学也非学无以广才非静无以成学慆慢则不能研精险躁则不能理治性年与时,,0.0,,夫学须静也，才须学也。非学无以广才，非静无以成学。
zhugeliang-12,zhugeliang,zhuan,诸葛亮《诫子书》,VARIANT,0.86,n/a,子藏/兵家/诸葛亮集.txt,广才非静无以成学慆慢则不能研精险躁则不能理治性年与时驰意与日去遂成枯,,0.0,,淫慢则不能励精，险躁则不能治性。
zhugeliang-13,zhugeliang,zhuan,诸葛亮《诫子书》,EXACT,1.0,n/a,子藏/兵家/诸葛亮集.txt,年与时驰意与日去遂成枯落多不接世,,0.0,,年与时驰，意与日去，遂成枯落，多不接世。
zhugeliang-14,zhugeliang,zhuan,诸葛亮《将苑·假权》,MISS,0.0,n/a,子藏/兵家/诸葛亮集.txt,,,0.0,,将失其道，则军不攻而自破。……治国无道，则民不服。
zhugeliang-15,zhugeliang,zhuan,诸葛亮《将苑·智用》,EDITED,0.56,n/a,子藏/兵家/诸葛亮集.txt,人作是谓逆天天作时作而人不作是谓逆人智者不逆天亦不逆时亦不逆人也不陈古之善理者不师善师者,子藏/兵家/将苑.txt,0.56,人作是谓逆天天作时作而人不作是谓逆人智者不逆天亦不逆时亦不逆人也不陈古之善理者不师善师者,智者不逆天，亦不逆时；天时有时，而人力有穷。
zhugeliang-16,zhugeliang,zhuan,诸葛亮《将苑·赏罚》,MISS,0.0,n/a,子藏/兵家/诸葛亮集.txt,,子藏/兵家/三略直解.txt,1.0,军以赏为表以罚为里,军以赏为表，以罚为里。
zhugeliang-17,zhugeliang,zhuan,诸葛亮《将苑·智用》,VERBATIM,1.0,n/a,子藏/兵家/诸葛亮集.txt,沃人势者主圣将贤三军由礼士卒用命粮甲坚备善将者因天之时就地之势依人之利则所向者无敌所击者万全矣胜败贤才居,,0.0,,善将者，因天之时，就地之势，依人之利，则所向无敌。
zhugeliang-18,zhugeliang,zhuan,诸葛亮《将苑·假权》,MISS,0.0,n/a,子藏/兵家/诸葛亮集.txt,,子藏/兵家/兵典.txt,1.0,将能而君不御者胜,将能而君不御者胜。
zhugeliang-19,zhugeliang,zhuan,诸葛亮《将苑·励士》,EXACT,1.0,n/a,子藏/兵家/诸葛亮集.txt,先之以身后之以人则士无不勇矣,,0.0,,先之以身，后之以人，则士无不勇矣。
liubowen-1,liubowen,zhuan,刘基《卖柑者言》,MISS,0.0,n/a,子藏/诸子/郁离子.txt,,,0.0,,观其坐高堂、骑大马、醉醇醲而饫肥鲜者，孰不巍巍乎可畏、赫赫乎可象也？又何往而不金玉其外、败絮其中也哉？
liubowen-2,liubowen,zhuan,刘基《郁离子·虎兕》,MISS,0.0,n/a,子藏/诸子/郁离子.txt,,,0.0,,虎视眈眈，其欲逐逐。彼将搏我，我先搏之。
liubowen-3,liubowen,zhuan,刘基《郁离子·省敌》,MISS,0.0,n/a,子藏/诸子/郁离子.txt,,,0.0,,夫以力胜人者，力可也，不可久；久则力竭而人乘之。
liubowen-4,liubowen,zhuan,刘基《郁离子·省敌》,VARIANT,0.75,n/a,子藏/诸子/郁离子.txt,敌郁离子曰善战者省敌不善战者益敌省敌者昌益敌者亡夫欲取人之国则彼国之人皆我敌也故,,0.0,,省敌者不使人敌己。……省敌者昌，益敌者亡。
liubowen-5,liubowen,zhuan,刘基《郁离子·畏鬼》,VARIANT,0.94,n/a,子藏/诸子/郁离子.txt,不可解虽谓之曰高实为之弗信也故曰谗不自来因疑而来间不自人乘隙而入繇其明之先蔽也赏,,0.0,,谗不自来，因疑而来；间不自入，乘隙而入。
liubowen-6,liubowen,zhuan,刘基《郁离子》序，化用孟子语,MISS,0.0,n/a,子藏/诸子/郁离子.txt,,儒藏/语录/传习录.txt,0.63,而过者乎吾不知其于洪水猛兽何如也孟子云予岂好辩哉予不得已也杨墨之道塞天下孟子之时天下之拿信杨,予岂好辩哉？予不得已也。……天下有道，丘不与易也。
liubowen-7,liubowen,zhuan,刘基《郁离子·省敌》,MISS,0.0,n/a,子藏/诸子/郁离子.txt,,,0.0,,人才之难得也，千载一遇；而用才之难，又倍于得才。
liubowen-8,liubowen,zhuan,刘基《郁离子·射虱》,MISS,0.0,n/a,子藏/诸子/郁离子.txt,,史藏/正史/史记.txt,0.53,德武王杀之由此观之在德不在险若君不修德舟中之人尽为敌国也武侯曰善吴起为西河守甚有声名魏置相相,舟中之人，尽为敌国，虽欲安，得乎？故曰：不如守身。
liubowen-9,liubowen,zhuan,刘基《郁离子·扑火》,MISS,0.0,n/a,子藏/诸子/郁离子.txt,,,0.0,,善扑火者不与之争，避其锐而乘其衰。
liubowen-10,liubowen,zhuan,刘基《郁离子·养虎》,MISS,0.0,n/a,子藏/诸子/郁离子.txt,,,0.0,,养虎者不以肉饲之，恐其搏噬也。养虎而饲以肉，是助之搏也。
liubowen-11,liubowen,zhuan,刘基《百战奇略·计战》,VERBATIM,0.96,n/a,子藏/兵家/百战奇略.txt,,,0.0,,凡用兵之道，以计为先。未战之时，先料将之贤愚，敌之强弱。
liubowen-12,liubowen,zhuan,刘基《百战奇略·选战》,EXACT,1.0,n/a,子藏/兵家/百战奇略.txt,凡与敌战须要选拣勇将锐卒使为先锋,,0.0,,凡与敌战，须要选拣勇将锐卒，使为先锋。
liubowen-13,liubowen,zhuan,刘基《百战奇略·攻战》,EDITED,0.67,n/a,子藏/兵家/百战奇略.txt,篇的十则围之五则攻之戮力努力尽力速战凡攻城围邑若敌粮多人少外有救援可以速攻则胜法曰兵贵拙,,0.0,,凡攻城围邑，若敌粮多人少，守备未固，则可攻。
liubowen-14,liubowen,zhuan,刘基《百战奇略·退战》,VARIANT,0.81,n/a,子藏/兵家/百战奇略.txt,直薄逼近靠近权道临机应变之法归战凡与敌相攻若敌无故退归必须审察果力疲粮竭可选轻锐,,0.0,,凡与敌相攻，若敌无故退归，须审其虚实。
liubowen-15,liubowen,zhuan,刘基《百战奇略·谋战》,MISS,0.47,n/a,子藏/兵家/百战奇略.txt,强弱是可以用示形之法伪装的骄战凡敌人强盛未能必取须当卑词厚礼以骄其志候其,,0.0,,凡敌人强盛，未可以力取，吾以计胜之。
liubowen-16,liubowen,zhuan,刘基《百战奇略·诱战》,EDITED,0.67,n/a,子藏/兵家/百战奇略.txt,之往去侯侦察这里指侦察人员实战凡与敌战若敌人势实我当严兵以备之则敌人必不轻动,子藏/兵家/战略.txt,0.6,曰敌不敢与我战者乖其所之也实战凡与敌战若敌人势实我当严兵以备之则敌人必不敢轻,凡与敌战，若敌人势大，则以佯动诱之。
liubowen-17,liubowen,zhuan,刘基《百战奇略·弱战》,EDITED,0.56,n/a,子藏/兵家/百战奇略.txt,柴烧饭樵苏打柴割草爨烧火煮饭强战凡与敌战若我众强可伪示怯弱以诱之敌必轻来与我,子藏/兵家/战略.txt,0.56,前则胜矣法曰非正兵能以致远乎虚战凡与敌战若我势虚当伪示以实形使敌莫能测其虚实,凡与敌战，若我势大，则示之以弱以求战。
liubowen-18,liubowen,zhuan,刘基《郁离子·扑火》,MISS,0.0,n/a,子藏/诸子/郁离子.txt,,,0.0,,善扑火者不与之争，避其锐而乘其衰。
liubowen-19,liubowen,zhuan,刘基《郁离子·蛊》,MISS,0.0,n/a,子藏/诸子/郁离子.txt,,,0.0,,蛊者，毒也。……圣人用物而不为物用。
liubowen-20,liubowen,zhuan,刘基《郁离子·射虱》,MISS,0.0,n/a,子藏/诸子/郁离子.txt,,史藏/正史/史记.txt,1.0,舟中之人尽为敌国,舟中之人，尽为敌国。
wangyangming-1,wangyangming,zhuan,王阳明《与杨仕德薛尚谦书》,MISS,0.0,n/a,儒藏/语录/传习录.txt,,,0.0,,破山中贼易，破心中贼难。
wangyangming-2,wangyangming,zhuan,王阳明《传习录》,VARIANT,0.79,n/a,儒藏/语录/传习录.txt,尝说知是行的主意行是知的功夫知是行之始行是知之成若会得时只说一个知已自有,,0.0,,知是行之始，行是知之成。……知行合一。
wangyangming-3,wangyangming,zhuan,王阳明《传习录》及其军事实践的自述,MISS,0.0,n/a,儒藏/语录/传习录.txt,,,0.0,,汝以不得第为耻，吾以不得第动心为耻。……此心不动，随机而动。
wangyangming-4,wangyangming,zhuan,王阳明《传习录》,EDITED,0.56,n/a,儒藏/语录/传习录.txt,然哉谓之玩物丧志尚犹以为不可欤若鄙人所谓致知格物者致吾心之良知于事事物物也吾心之良知即所谓天理也致吾心良知之天理于事,,0.0,,致吾心之良知于事事物物。……良知之外更无知，致知之外更无学。
wangyangming-5,wangyangming,zhuan,王阳明《传习录》,VERBATIM,0.96,n/a,儒藏/语录/传习录.txt,即是那静坐时心功夫一贯何须更起念头人须在事上磨练做功夫乃有益若只好静遇事便乱终无长进那静时功夫亦差似收敛而实放溺也后在洪都复,,0.0,,人须在事上磨炼做功夫，乃有益。若只好静，遇事便乱，终无长进。
wangyangming-6,wangyangming,zhuan,王阳明《传习录》,MISS,0.0,n/a,儒藏/语录/传习录.txt,,,0.0,,凡人所以不得其正者，只是动心。不动心，则临事便不惧。
wangyangming-7,wangyangming,zhuan,王阳明与学生问答,MISS,0.0,n/a,儒藏/语录/传习录.txt,,,0.0,,用兵何术？但学问纯笃，养得此心不动，乃术尔。
wangyangming-8,wangyangming,zhuan,王阳明《传习录》,EXACT,1.0,n/a,儒藏/语录/传习录.txt,定者心之本体天理也动静所遇之时也,,0.0,,定者，心之本体，天理也。动静所遇之时也。
wangyangming-9,wangyangming,zhuan,王阳明《传习录》引《尚书》,EDITED,0.59,n/a,儒藏/语录/传习录.txt,之大端则尧舜禹之相授受所谓道心惟微惟精惟一允执厥中而其节目则舜之命契斫谓父子有亲君臣,子藏/诸子/杨子折衷.txt,0.59,谓时习而悦之学是谓文王之德之纯是谓惟精惟一允执厥中是谓吾道一以贯之是谓天下万世生民自,惟精惟一，允执厥中。此便是尧舜相传之道。
wangyangming-10,wangyangming,zhuan,王阳明《大学问》,EDITED,0.69,n/a,儒藏/语录/传习录.txt,事也明德是此心之德即是仁仁者以天地万物为一体使有一物失所便是吾仁有未,子藏/诸子/明末清初耶稣会文献.txt,0.77,条一天地万物为一体之义问仁者以天地万物为一体儒先至言也今欲问轮回之非,大人者，以天地万物为一体者也。
wangyangming-11,wangyangming,zhuan,王阳明《传习录》,MISS,0.0,n/a,儒藏/语录/传习录.txt,,,0.0,,心外无物，心外无事，心外无理。
wangyangming-12,wangyangming,zhuan,王阳明《传习录》,EDITED,0.64,n/a,儒藏/语录/传习录.txt,有此一个良知故也事亲从兄一念良知之外更无有良知可致得者故曰尧舜之道孝,,0.0,,良知之外更无知，致知之外更无学。
wangyangming-13,wangyangming,zhuan,王阳明《与杨仕德薛尚谦书》,MISS,0.0,n/a,儒藏/语录/传习录.txt,,,0.0,,破山中贼易，破心中贼难。
wangyangming-14,wangyangming,zhuan,王阳明《与杨仕德薛尚谦书》,MISS,0.0,n/a,儒藏/语录/传习录.txt,,,0.0,,区区剪除鼠窃，何足为异？若诸贤扫荡心腹之寇，以收廓清平定之功，此大丈夫不世之伟绩。
wangyangming-15,wangyangming,zhuan,王阳明《传习录》,EXACT,1.0,n/a,儒藏/语录/传习录.txt,人须在事上磨练做功夫乃有益,,0.0,,人须在事上磨练做功夫，乃有益。
wangyangming-16,wangyangming,zhuan,王阳明《传习录》,VARIANT,0.94,n/a,儒藏/语录/传习录.txt,心恐于天下事理有不能尽先生曰心即埋也天下又有心外之事心外之理乎爱曰如事父之孝事君之忠交友之信,,0.0,,心即理也。天下又有心外之事、心外之理乎？
wangyangming-17,wangyangming,zhuan,王阳明《传习录》,EXACT,1.0,n/a,儒藏/语录/传习录.txt,静时亦觉意思好才遇事便不同,,0.0,,静时亦觉意思好，才遇事便不同。
wangyangming-18,wangyangming,zhuan,王阳明《传习录》,EXACT,1.0,n/a,儒藏/语录/传习录.txt,若只好静遇事便乱终无长进,,0.0,,若只好静，遇事便乱，终无长进。
wangyangming-19,wangyangming,zhuan,王阳明《传习录》,EXACT,1.0,n/a,儒藏/语录/传习录.txt,良知只是个是非之心是非只是个好恶,,0.0,,良知只是个是非之心，是非只是个好恶。
wangyangming-20,wangyangming,zhuan,王阳明《传习录》,EXACT,1.0,n/a,儒藏/语录/传习录.txt,知是行的主意行是知的功夫知是行之始行是知之成,,0.0,,知是行的主意，行是知的功夫。知是行之始，行是知之成。
zeng-guofan-1,zeng-guofan,zhuan,《曾国藩家书》,MISS,0.0,n/a,子藏/兵家/曾胡治兵语录.txt,,,0.0,,天下古今之庸人，皆以一惰字致败；天下古今之才人，皆以一傲字致败。
zeng-guofan-2,zeng-guofan,zhuan,曾国藩军事语录,MISS,0.0,n/a,子藏/兵家/曾胡治兵语录.txt,,,0.0,,打仗不慌不忙，先求稳当次求变化。
zeng-guofan-3,zeng-guofan,zhuan,《曾国藩家书》,VARIANT,0.79,n/a,子藏/兵家/曾胡治兵语录.txt,卵如炉炼丹未可须臾稍离天下事未由不由艰苦中得来而可大可久者也百种弊端皆由懒生懒则弛缓弛缓,,0.0,,天下事未有不从艰苦中得来而可久可大者也。
zeng-guofan-4,zeng-guofan,zhuan,《曾国藩家书》,MISS,0.0,n/a,子藏/兵家/曾胡治兵语录.txt,,,0.0,,凡办大事，以识为主，以才为辅。
zeng-guofan-5,zeng-guofan,zhuan,曾国藩《冰鉴》,MISS,0.0,n/a,子藏/兵家/曾胡治兵语录.txt,,,0.0,,轻用其芒，动即有伤，是为凶器。
zeng-guofan-6,zeng-guofan,zhuan,曾国藩军事语录,MISS,0.0,n/a,子藏/兵家/曾胡治兵语录.txt,,子藏/诸子/尸子.txt,0.56,政者正也子路篇子曰其身正不令而行其身不正虽令不从文子上仁篇老子曰不言而信不施而仁,凡将兵者，必先自治。其身不正，虽令不从。
zeng-guofan-7,zeng-guofan,zhuan,曾国藩家训,MISS,0.0,n/a,子藏/兵家/曾胡治兵语录.txt,,,0.0,,养得一团春意思，撑起两根穷骨头。
zeng-guofan-8,zeng-guofan,zhuan,《曾国藩家书》,MISS,0.0,n/a,子藏/兵家/曾胡治兵语录.txt,,,0.0,,天下事成于惧而败于忽。
zeng-guofan-9,zeng-guofan,zhuan,曾国藩引《大学》,MISS,0.0,n/a,子藏/兵家/曾胡治兵语录.txt,,子藏/诸子/杨子折衷.txt,1.0,知止而后有定定而后能静静而后能安安而后能虑虑而后能得,知止而后有定，定而后能静，静而后能安，安而后能虑，虑而后能得。
zeng-guofan-10,zeng-guofan,zhuan,《曾国藩家书》,MISS,0.0,n/a,子藏/兵家/曾胡治兵语录.txt,,,0.0,,家败离不得个奢字，人败离不得个逸字，讨人嫌离不得个骄字。
zeng-guofan-11,zeng-guofan,zhuan,《曾国藩家书》,MISS,0.0,n/a,子藏/兵家/曾胡治兵语录.txt,,,0.0,,君子之道，莫善于静。
zeng-guofan-12,zeng-guofan,zhuan,《曾国藩家书》,MISS,0.0,n/a,子藏/兵家/曾胡治兵语录.txt,,,0.0,,凡遇事须安祥和缓以处之，若一慌忙，便恐有错。
zeng-guofan-13,zeng-guofan,zhuan,《曾国藩家书》,MISS,0.0,n/a,子藏/兵家/曾胡治兵语录.txt,,,0.0,,悔字如春，吉字如夏。
zeng-guofan-14,zeng-guofan,zhuan,《曾国藩家书》,MISS,0.0,n/a,子藏/兵家/曾胡治兵语录.txt,,,0.0,,居官不过偶然之事，居家乃是长久之计。
zeng-guofan-15,zeng-guofan,zhuan,《曾国藩家书》,MISS,0.0,n/a,子藏/兵家/曾胡治兵语录.txt,,,0.0,,贫贱时不可自弃，富贵时不可自骄。
zeng-guofan-16,zeng-guofan,zhuan,曾国藩军事语录,MISS,0.0,n/a,子藏/兵家/曾胡治兵语录.txt,,,0.0,,凡行兵须蓄不竭之气，留有余之力。
zeng-guofan-17,zeng-guofan,zhuan,曾国藩引孙子语,VARIANT,0.83,n/a,子藏/兵家/曾胡治兵语录.txt,缀屯兵坚城之下则情见势绌用兵之道全军为上策得土地次之破敌为上策得,子藏/兵家/孙子.txt,0.92,用兵之法全国为上破国次之全军为上破军次之全旅为上破旅次之全卒为上,用兵之道，全军为上，破军次之。
zeng-guofan-18,zeng-guofan,zhuan,《曾国藩家书》,MISS,0.0,n/a,子藏/兵家/曾胡治兵语录.txt,,子藏/诸子/明末清初耶稣会文献.txt,0.45,力乃休且真善财不必自己分即出言开亦善也真功不必自己出即与人赞成亦功也盖德之真德之大在人为之而,功不必自己出，名不必自己成，此乃成大事者之量。
zeng-guofan-19,zeng-guofan,zhuan,曾国藩用人原则,MISS,0.0,n/a,子藏/兵家/曾胡治兵语录.txt,,,0.0,,广收慎用，勤教严绳。
zeng-guofan-20,zeng-guofan,zhuan,《曾国藩家书》,MISS,0.0,n/a,子藏/兵家/曾胡治兵语录.txt,,,0.0,,天下事无所为而成者极少，有所贪而成就者居半，有所激而成就者亦居半。
guoziyi-1,guoziyi,zhuan,《旧唐书·郭子仪传》,EXACT,1.0,n/a,史藏/正史/旧唐书.txt,权倾天下而朝不忌功盖一代而主不疑,,0.0,,权倾天下而朝不忌，功盖一代而主不疑。
guoziyi-2,guoziyi,zhuan,《旧唐书·郭子仪传》,EDITED,0.67,n/a,史藏/正史/旧唐书.txt,朝不忌功盖一代而主不疑侈穷人欲而君子不之罪富贵寿考繁衍安泰哀荣终始人道之盛此无缺焉唯以谗怒诬奏判官户部郎中张,,0.0,,富贵寿考，繁衍安泰，哀荣终始，此其所以大过于人也。
guoziyi-3,guoziyi,zhuan,《旧唐书·郭子仪传》,MISS,0.0,n/a,史藏/正史/旧唐书.txt,,,0.0,,诏趣还朝，子仪愿以身当贼。
guoziyi-4,guoziyi,zhuan,《旧唐书·郭子仪传》,MISS,0.0,n/a,史藏/正史/旧唐书.txt,,,0.0,,郭子仪单骑见回纥，……回纥舍兵下马而拜。
guoziyi-5,guoziyi,zhuan,《旧唐书·郭子仪传》,VARIANT,0.92,n/a,史藏/正史/旧唐书.txt,溢不可胜纪代宗不名呼为大臣天下以其身为安危者殆二十年校中书令考二十有,,0.0,,天下以其身为安危者，殆三十年。
guoziyi-6,guoziyi,zhuan,郭子仪语,MISS,0.0,n/a,史藏/正史/旧唐书.txt,,,0.0,,吾之家国，一体而已。国存则家存，国亡则家亡。
guoziyi-7,guoziyi,zhuan,郭子仪自述,MISS,0.0,n/a,史藏/正史/旧唐书.txt,,,0.0,,吾虽功高，常存敬畏，岂敢骄矜。
guoziyi-8,guoziyi,zhuan,后人评郭子仪,MISS,0.0,n/a,史藏/正史/旧唐书.txt,,,0.0,,（郭子仪用兵）以柔克刚，以静制动。
guoziyi-9,guoziyi,zhuan,《旧唐书·郭子仪传》,MISS,0.0,n/a,史藏/正史/旧唐书.txt,,,0.0,,子仪虽有大功，未尝自伐。
guoziyi-10,guoziyi,zhuan,郭子仪处世原则,MISS,0.0,n/a,史藏/正史/旧唐书.txt,,,0.0,,待人以宽，律己以严。
guoziyi-11,guoziyi,zhuan,郭子仪生平写照,MISS,0.0,n/a,史藏/正史/旧唐书.txt,,,0.0,,临危受命，不避艰险。
guoziyi-12,guoziyi,zhuan,后人评郭子仪,EDITED,0.57,n/a,史藏/正史/旧唐书.txt,令考二十有四权倾天下而朝不忌功盖一代而主不疑侈穷人欲而君子不之罪富贵寿考,,0.0,,功盖一代而主不疑，其故何也？——谦也。
guoziyi-13,guoziyi,zhuan,《旧唐书·郭子仪传》,MISS,0.0,n/a,史藏/正史/旧唐书.txt,,,0.0,,子仪闻敌至，大开城门……敌疑有伏而去。
guoziyi-14,guoziyi,zhuan,郭子仪治军语录,MISS,0.0,n/a,史藏/正史/旧唐书.txt,,,0.0,,吾之治军，宽严相济。宽则得众，严则立威。
guoziyi-15,guoziyi,zhuan,后人评郭子仪,MISS,0.0,n/a,史藏/正史/旧唐书.txt,,,0.0,,子仪貌似愚拙而实大智，貌似迟缓而实机敏。
guoziyi-16,guoziyi,zhuan,《新唐书·郭子仪传》,MISS,0.0,n/a,史藏/正史/旧唐书.txt,,,0.0,,子仪不居功、不自傲，以此保全。
guoziyi-17,guoziyi,zhuan,《旧唐书·郭子仪传》,MISS,0.0,n/a,史藏/正史/旧唐书.txt,,,0.0,,子仪八子七婿，皆显贵于朝。
guoziyi-18,guoziyi,zhuan,郭子仪晚年,MISS,0.0,n/a,史藏/正史/旧唐书.txt,,,0.0,,天下既定，乞骸骨归。
guoziyi-19,guoziyi,zhuan,郭子仪论兵,MISS,0.0,n/a,史藏/正史/旧唐书.txt,,,0.0,,用兵如用药，君臣佐使，各有其用。
guoziyi-20,guoziyi,zhuan,郭子仪晚年自述,MISS,0.0,n/a,史藏/正史/旧唐书.txt,,,0.0,,老子曰功成身退，我行之。
xunzi-1,xunzi,jin,《荀子·天论》,EXACT,1.0,n/a,子藏/诸子/荀子.txt,天行有常不为尧存不为桀亡应之以治则吉应之以乱则凶,,0.0,,天行有常，不为尧存，不为桀亡。应之以治则吉，应之以乱则凶。
xunzi-2,xunzi,jin,《荀子·儒效》,EXACT,1.0,n/a,子藏/诸子/荀子.txt,不闻不若闻之闻之不若见之见之不若知之知之不若行之,,0.0,,不闻不若闻之，闻之不若见之，见之不若知之，知之不若行之。
xunzi-3,xunzi,jin,《荀子·劝学》,EXACT,1.0,n/a,子藏/诸子/荀子.txt,锲而不舍金石可镂,,0.0,,锲而不舍，金石可镂。
xunzi-4,xunzi,jin,《荀子·劝学》,EXACT,1.0,n/a,子藏/诸子/荀子.txt,青取之于蓝而青于蓝冰水为之而寒于水,,0.0,,青，取之于蓝而青于蓝；冰，水为之而寒于水。
xunzi-5,xunzi,bi,《荀子·解蔽》,EXACT,1.0,n/a,子藏/诸子/荀子.txt,虚壹而静谓之大清明,,0.0,,虚壹而静，谓之大清明。
xunzi-6,xunzi,bi,《荀子·修身》,EXACT,1.0,n/a,子藏/诸子/荀子.txt,君子役物小人役于物,,0.0,,君子役物，小人役于物。
xunzi-7,xunzi,bi,《荀子·劝学》,VARIANT,0.89,n/a,子藏/诸子/荀子.txt,神明自得圣心备焉故不积蹞步无以致千里不积小流无以成江海骐骥一跃不能十步驽马十驾功在不舍锲,,0.0,,不积跬步，无以至千里；不积小流，无以成江海。
xunzi-8,xunzi,zhuan,《荀子·王制》,EXACT,1.0,n/a,子藏/诸子/荀子.txt,君者舟也庶人者水也水则载舟水则覆舟,,0.0,,君者，舟也；庶人者，水也。水则载舟，水则覆舟。
xunzi-9,xunzi,zhuan,《荀子·修身》,EXACT,1.0,n/a,子藏/诸子/荀子.txt,道虽迩不行不至事虽小不为不成,,0.0,,道虽迩，不行不至；事虽小，不为不成。
xunzi-10,xunzi,zhuan,《荀子·天论》,EXACT,1.0,n/a,子藏/诸子/荀子.txt,强本而节用则天不能贫养备而动时则天不能病,,0.0,,强本而节用，则天不能贫；养备而动时，则天不能病。
xunzi-11,xunzi,jin,《荀子·性恶》,EXACT,1.0,n/a,子藏/诸子/荀子.txt,人之性恶其善者伪也,,0.0,,人之性恶，其善者伪也。
xunzi-12,xunzi,jin,《荀子·议兵》,EXACT,1.0,n/a,子藏/诸子/荀子.txt,凡用兵攻战之本在乎壹民,,0.0,,凡用兵攻战之本，在乎壹民。
xunzi-13,xunzi,jin,《荀子·议兵》,VARIANT,0.87,n/a,子藏/诸子/荀子.txt,然兵之所贵者埶利也所行者变诈也善用兵者感忽悠暗莫知其所从出孙吴用之无敌于天下岂必待附,,0.0,,故善用兵者，感忽悠暗，莫知其所以出。
xunzi-14,xunzi,bi,《荀子·天论》,EXACT,1.0,n/a,子藏/诸子/荀子.txt,大巧在所不为大智在所不虑,,0.0,,大巧在所不为，大智在所不虑。
xunzi-15,xunzi,bi,《荀子·解蔽》,EXACT,1.0,n/a,子藏/诸子/荀子.txt,心者形之君也而神明之主也出令而无所受令,,0.0,,心者，形之君也而神明之主也，出令而无所受令。
xunzi-16,xunzi,bi,《荀子·劝学》,EXACT,1.0,n/a,子藏/诸子/荀子.txt,无冥冥之志者无昭昭之明无惛惛之事者无赫赫之功,,0.0,,无冥冥之志者，无昭昭之明；无惛惛之事者，无赫赫之功。
xunzi-17,xunzi,zhuan,《荀子·富国》,EXACT,1.0,n/a,子藏/诸子/荀子.txt,不教而诛则刑繁而邪不胜教而不诛则奸民不惩,,0.0,,不教而诛，则刑繁而邪不胜；教而不诛，则奸民不惩。
xunzi-18,xunzi,zhuan,《荀子·议兵》,EXACT,1.0,n/a,子藏/诸子/荀子.txt,凡百事之成也必在敬之其败也必在慢之,,0.0,,凡百事之成也，必在敬之；其败也，必在慢之。
xunzi-19,xunzi,zhuan,《荀子·荣辱》,EXACT,1.0,n/a,子藏/诸子/荀子.txt,乐易者常寿长忧险者常夭折,,0.0,,乐易者常寿长，忧险者常夭折。
xunzi-20,xunzi,zhuan,《荀子·大略》,EXACT,1.0,n/a,子藏/诸子/荀子.txt,学者非必为仕而仕者必如学,,0.0,,学者非必为仕，而仕者必如学。
huangdi-1,huangdi,jin,《黄帝阴符经》,EXACT,1.0,n/a,道藏/正统道藏洞真部/本文类/黄帝阴符经.txt,观天之道执天之行尽矣,,0.0,,观天之道，执天之行，尽矣。
huangdi-2,huangdi,jin,《黄帝阴符经》,EXACT,1.0,n/a,道藏/正统道藏洞真部/本文类/黄帝阴符经.txt,天发杀机移星易宿地发杀机龙蛇起陆人发杀机天地反覆,,0.0,,天发杀机，移星易宿；地发杀机，龙蛇起陆；人发杀机，天地反覆。
huangdi-3,huangdi,jin,《黄帝阴符经》,MISS,0.0,n/a,道藏/正统道藏洞真部/本文类/黄帝阴符经.txt,,,0.0,,天人合发，万化定基。
huangdi-4,huangdi,jin,《黄帝阴符经》,EXACT,1.0,n/a,道藏/正统道藏洞真部/本文类/黄帝阴符经.txt,九窍之邪在乎三要可以动静,,0.0,,九窍之邪，在乎三要，可以动静。
huangdi-5,huangdi,bi,《庄子·在宥》引广成子告黄帝语,MISS,0.0,n/a,道藏/正统道藏洞真部/本文类/黄帝阴符经.txt,,史藏/正史/新唐书.txt,0.5,广成玄元人之圣者莫若轩辕孔子昔轩辕问广成子治身之要曰无视无听抱神以静形将自正无劳子形无摇子精乃可长生慎守其一以处其和故我修身千二,至道之精，窈窈冥冥；至道之极，昏昏默默。无视无听，抱神以静，形将自正。
huangdi-6,huangdi,bi,《黄帝内经·上古天真论》,MISS,0.0,n/a,道藏/正统道藏洞真部/本文类/黄帝阴符经.txt,,,0.0,,恬惔虚无，真气从之；精神内守，病安从来。
huangdi-7,huangdi,bi,《黄帝内经·上古天真论》,MISS,0.0,n/a,道藏/正统道藏洞真部/本文类/黄帝阴符经.txt,,,0.0,,上古之人，其知道者，法于阴阳，和于术数，食饮有节，起居有常，不妄作劳，故能形与神俱，而尽终其天年，度百岁乃去。
huangdi-8,huangdi,zhuan,《黄帝阴符经》,EXACT,1.0,n/a,道藏/正统道藏洞真部/本文类/黄帝阴符经.txt,天生天杀道之理也,,0.0,,天生天杀，道之理也。
huangdi-9,huangdi,zhuan,《黄帝阴符经》,EXACT,1.0,n/a,道藏/正统道藏洞真部/本文类/黄帝阴符经.txt,恩生于害害生于恩,,0.0,,恩生于害，害生于恩。
huangdi-10,huangdi,zhuan,《道德经》第十四章——亦见太公《六韬》引黄帝语,MISS,0.0,n/a,道藏/正统道藏洞真部/本文类/黄帝阴符经.txt,,子藏/诸子/习学记言.txt,1.0,执古之道以御今之有能知古始是谓道纪,执古之道，以御今之有。能知古始，是谓道纪。
huangdi-11,huangdi,jin,《黄帝阴符经》,EXACT,1.0,n/a,道藏/正统道藏洞真部/本文类/黄帝阴符经.txt,五贼在心施行于天宇宙在乎手万化生乎身,,0.0,,五贼在心，施行于天。宇宙在乎手，万化生乎身。
huangdi-12,huangdi,jin,《黄帝阴符经》,MISS,0.0,n/a,道藏/正统道藏洞真部/本文类/黄帝阴符经.txt,,子藏/兵家/兵垒.txt,0.79,神庸讵知神之所以不神乎庸讵知不神之所以神乎嗟夫水以载舟亦以覆舟药能生,人知其神之神，不知不神之所以神。
huangdi-13,huangdi,jin,《黄帝阴符经》,EXACT,1.0,n/a,道藏/正统道藏洞真部/本文类/黄帝阴符经.txt,其盗机也天下莫能见莫能知君子得之固躬小人得之轻命,,0.0,,其盗机也，天下莫能见，莫能知。君子得之固躬，小人得之轻命。
huangdi-14,huangdi,bi,《黄帝内经·上古天真论》,MISS,0.0,n/a,道藏/正统道藏洞真部/本文类/黄帝阴符经.txt,,,0.0,,夫上古圣人之教下也，皆谓之虚邪贼风，避之有时，恬惔虚无，真气从之。
huangdi-15,huangdi,bi,《黄帝内经·上古天真论》,MISS,0.0,n/a,道藏/正统道藏洞真部/本文类/黄帝阴符经.txt,,,0.0,,以酒为浆，以妄为常，醉以入房，以欲竭其精……故半百而衰也。
huangdi-16,huangdi,bi,《黄帝内经·四气调神大论》,MISS,0.0,n/a,道藏/正统道藏洞真部/本文类/黄帝阴符经.txt,,,0.0,,是故圣人不治已病治未病，不治已乱治未乱。
huangdi-17,huangdi,zhuan,《黄帝阴符经》,EXACT,1.0,n/a,道藏/正统道藏洞真部/本文类/黄帝阴符经.txt,心生于物死于物机在目,,0.0,,心生于物，死于物，机在目。
huangdi-18,huangdi,zhuan,《黄帝阴符经》,EXACT,1.0,n/a,道藏/正统道藏洞真部/本文类/黄帝阴符经.txt,瞽者善听聋者善视绝利一源用师十倍,,0.0,,瞽者善听，聋者善视。绝利一源，用师十倍。
huangdi-19,huangdi,zhuan,《六韬》引黄帝语,MISS,0.0,n/a,道藏/正统道藏洞真部/本文类/黄帝阴符经.txt,,,0.0,,黄帝曰：道若川谷之水，其出无已，其行无止。
huangdi-20,huangdi,zhuan,《管子·任法》引古圣王之治,MISS,0.0,n/a,道藏/正统道藏洞真部/本文类/黄帝阴符经.txt,,子藏/法家/管子.txt,1.0,不引而来不推而往不使而成不禁而止,不引而来，不推而往，不使而成，不禁而止。
huangshigong-1,huangshigong,jin,《三略·上略》,EXACT,1.0,n/a,子藏/兵家/黄石公三略.txt,夫主将之法务揽英雄之心赏禄有功通志于众,,0.0,,夫主将之法，务揽英雄之心，赏禄有功，通志于众。
huangshigong-2,huangshigong,zhuan,《三略·上略》,EXACT,1.0,n/a,子藏/兵家/黄石公三略.txt,柔能制刚弱能制强,,0.0,,柔能制刚，弱能制强。
huangshigong-3,huangshigong,bi,《三略·上略》,EXACT,1.0,n/a,子藏/兵家/黄石公三略.txt,莫不贪强鲜能守微若能守微乃保其生,,0.0,,莫不贪强，鲜能守微，若能守微，乃保其生。
huangshigong-4,huangshigong,jin,《三略·上略》,EXACT,1.0,n/a,子藏/兵家/黄石公三略.txt,香饵之下必有死鱼重赏之下必有勇夫,,0.0,,香饵之下，必有死鱼；重赏之下，必有勇夫。
huangshigong-5,huangshigong,jin,《三略·上略》,EXACT,1.0,n/a,子藏/兵家/黄石公三略.txt,军井未达将不言渴军幕未办将不言倦,,0.0,,军井未达，将不言渴；军幕未办，将不言倦。
huangshigong-6,huangshigong,jin,《三略·上略》,EXACT,1.0,n/a,子藏/兵家/黄石公三略.txt,废一善则众善衰赏一恶则众恶归,,0.0,,废一善则众善衰，赏一恶则众恶归。
huangshigong-7,huangshigong,jin,《三略·上略》,EXACT,1.0,n/a,子藏/兵家/黄石公三略.txt,夫为国之道恃贤与民,,0.0,,夫为国之道，恃贤与民。
huangshigong-8,huangshigong,zhuan,《三略·上略》,EXACT,1.0,n/a,子藏/兵家/黄石公三略.txt,端末未见人莫能知天地神明与物推移,,0.0,,端末未见，人莫能知。天地神明，与物推移。
huangshigong-9,huangshigong,jin,《三略·上略》,EXACT,1.0,n/a,子藏/兵家/黄石公三略.txt,变动无常因敌转化,,0.0,,变动无常，因敌转化。
huangshigong-10,huangshigong,jin,《三略·上略》,EXACT,1.0,n/a,子藏/兵家/黄石公三略.txt,一令逆则百令失一恶施则百恶结,,0.0,,一令逆则百令失，一恶施则百恶结。
huangshigong-11,huangshigong,jin,《三略·上略》,EXACT,1.0,n/a,子藏/兵家/黄石公三略.txt,众疑无定国众惑无治民,,0.0,,众疑无定国，众惑无治民。
huangshigong-12,huangshigong,zhuan,《三略·上略》,EXACT,1.0,n/a,子藏/兵家/黄石公三略.txt,圣人体天贤人法地智者师古,,0.0,,圣人体天，贤人法地，智者师古。
huangshigong-13,huangshigong,jin,《三略·上略》,EXACT,1.0,n/a,子藏/兵家/黄石公三略.txt,善善不进恶恶不退贤者隐蔽不肖在位国受其害,,0.0,,善善不进，恶恶不退，贤者隐蔽，不肖在位，国受其害。
huangshigong-14,huangshigong,bi,《三略·下略》,EXACT,1.0,n/a,子藏/兵家/黄石公素书.txt,释己而教人者逆正己而化人者顺,,0.0,,释己而教人者逆，正己而化人者顺。
huangshigong-15,huangshigong,bi,《素书·原始》,EXACT,1.0,n/a,子藏/兵家/黄石公素书.txt,德者人之所得使万物各得其所欲,,0.0,,德者，人之所得，使万物各得其所欲。
huangshigong-16,huangshigong,zhuan,《素书·正道》,EXACT,1.0,n/a,子藏/兵家/黄石公素书.txt,贤人君子明于盛衰之道通乎成败之数,,0.0,,贤人君子，明于盛衰之道，通乎成败之数。
huangshigong-17,huangshigong,bi,《素书·求人之志》,EXACT,1.0,n/a,子藏/兵家/黄石公素书.txt,绝嗜禁欲所以除累,,0.0,,绝嗜禁欲，所以除累。
huangshigong-18,huangshigong,bi,《素书·求人之志》,EXACT,1.0,n/a,子藏/兵家/黄石公素书.txt,恭俭谦约所以自守,,0.0,,恭俭谦约，所以自守。
huangshigong-19,huangshigong,bi,《素书·本德宗道》,EXACT,1.0,n/a,子藏/兵家/黄石公素书.txt,吉莫吉于知足,,0.0,,吉莫吉于知足。
huangshigong-20,huangshigong,zhuan,《素书·遵义》,EXACT,1.0,n/a,子藏/兵家/黄石公素书.txt,福在积善祸在积恶,,0.0,,福在积善，祸在积恶。
guiguzi-1,guiguzi,zhuan,《鬼谷子·捭阖》,EXACT,1.0,n/a,子藏/诸子/鬼谷子.txt,捭阖者天地之道,,0.0,,捭阖者，天地之道。
guiguzi-2,guiguzi,bi,《鬼谷子·捭阖》,EXACT,1.0,n/a,子藏/诸子/鬼谷子.txt,口者心之门户也心者神之主也,,0.0,,口者，心之门户也；心者，神之主也。
guiguzi-3,guiguzi,zhuan,《鬼谷子·捭阖》,EXACT,1.0,n/a,子藏/诸子/鬼谷子.txt,欲闻其声反默欲张反敛欲高反下欲取反与,,0.0,,欲闻其声反默，欲张反敛，欲高反下，欲取反与。
guiguzi-4,guiguzi,jin,《鬼谷子·捭阖》,EXACT,1.0,n/a,子藏/诸子/鬼谷子.txt,故圣人之道阴愚人之道阳,,0.0,,故圣人之道阴，愚人之道阳。
guiguzi-5,guiguzi,zhuan,《鬼谷子·反应》,EXACT,1.0,n/a,子藏/诸子/鬼谷子.txt,知之始己自知而后知人也,,0.0,,知之始己，自知而后知人也。
guiguzi-6,guiguzi,jin,《鬼谷子·反应》,EXACT,1.0,n/a,子藏/诸子/鬼谷子.txt,反以观往复以验来,,0.0,,反以观往，复以验来。
guiguzi-7,guiguzi,jin,《鬼谷子·反应》,EXACT,1.0,n/a,子藏/诸子/鬼谷子.txt,反以知古复以知今,,0.0,,反以知古，复以知今。
guiguzi-8,guiguzi,jin,《鬼谷子·反应》,EXACT,1.0,n/a,子藏/诸子/鬼谷子.txt,反以知彼复以知此,,0.0,,反以知彼，复以知此。
guiguzi-9,guiguzi,zhuan,《鬼谷子·反应》,EXACT,1.0,n/a,子藏/诸子/鬼谷子.txt,事有反而得复者圣人之意也不可不察,,0.0,,事有反而得复者，圣人之意也，不可不察。
guiguzi-10,guiguzi,jin,《鬼谷子·摩篇》,EXACT,1.0,n/a,子藏/诸子/鬼谷子.txt,以实取虚以有取无若以镒称铢,,0.0,,以实取虚，以有取无，若以镒称铢。
guiguzi-11,guiguzi,bi,《鬼谷子·抵巇》,EXACT,1.0,n/a,子藏/诸子/鬼谷子.txt,世无可抵则深隐而待时时有可抵则为之谋,,0.0,,世无可抵，则深隐而待时；时有可抵，则为之谋。
guiguzi-12,guiguzi,zhuan,《鬼谷子·抵巇》,EXACT,1.0,n/a,子藏/诸子/鬼谷子.txt,物有自然事有合离,,0.0,,物有自然，事有合离。
guiguzi-13,guiguzi,bi,《鬼谷子·养志》,EXACT,1.0,n/a,子藏/诸子/鬼谷子.txt,志者欲之使也,,0.0,,志者，欲之使也。
guiguzi-14,guiguzi,bi,《鬼谷子·养志》,EXACT,1.0,n/a,子藏/诸子/鬼谷子.txt,养志者心气之思不达也,,0.0,,养志者，心气之思不达也。
guiguzi-15,guiguzi,bi,《鬼谷子·养志》,EXACT,1.0,n/a,子藏/诸子/鬼谷子.txt,欲多则心散心散则志衰志衰则思不达,,0.0,,欲多则心散，心散则志衰，志衰则思不达。
guiguzi-16,guiguzi,bi,《鬼谷子·实意》,EXACT,1.0,n/a,子藏/诸子/鬼谷子.txt,实意法腾蛇,,0.0,,实意法腾蛇。
guiguzi-17,guiguzi,bi,《鬼谷子·实意》,EXACT,1.0,n/a,子藏/诸子/鬼谷子.txt,心欲安静虑欲深远,,0.0,,心欲安静，虑欲深远。
guiguzi-18,guiguzi,zhuan,《鬼谷子·实意》,EXACT,1.0,n/a,子藏/诸子/鬼谷子.txt,心安静则神策生虑深远则计谋成,,0.0,,心安静则神策生，虑深远则计谋成。
guiguzi-19,guiguzi,jin,《鬼谷子·实意》,EXACT,1.0,n/a,子藏/诸子/鬼谷子.txt,神策生则志不可乱计谋成则功不可间,,0.0,,神策生则志不可乱，计谋成则功不可间。
guiguzi-20,guiguzi,jin,《鬼谷子·捭阖》,EXACT,1.0,n/a,子藏/诸子/鬼谷子.txt,欲合者用内欲去者用外,,0.0,,欲合者用内，欲去者用外。
tanqiao-1,tanqiao,zhuan,《化书·道化》,EXACT,1.0,n/a,子藏/诸子/化书.txt,虚化神神化气气化形,,0.0,,虚化神，神化气，气化形。
tanqiao-2,tanqiao,bi,《化书·道化》,EXACT,1.0,n/a,子藏/诸子/化书.txt,形化气气化神神化虚,,0.0,,形化气，气化神，神化虚。
tanqiao-3,tanqiao,zhuan,《化书·道化》,EXACT,1.0,n/a,子藏/诸子/化书.txt,虚实相通是谓大同,,0.0,,虚实相通，是谓大同。
tanqiao-4,tanqiao,bi,《化书·老枫》,EXACT,1.0,n/a,子藏/诸子/化书.txt,万物一物也万神一神也,,0.0,,万物一物也，万神一神也。
tanqiao-5,tanqiao,zhuan,《化书·形影》,EXACT,1.0,n/a,子藏/诸子/化书.txt,形以非实影以非虚无实无虚可与道俱,,0.0,,形以非实，影以非虚，无实无虚，可与道俱。
tanqiao-6,tanqiao,bi,《化书·用神》,EXACT,1.0,n/a,子藏/诸子/化书.txt,以形用神则亡以神用形则康,,0.0,,以形用神则亡，以神用形则康。
tanqiao-7,tanqiao,bi,《化书·心变》,EXACT,1.0,n/a,子藏/诸子/化书.txt,心之所变不得不变,,0.0,,心之所变，不得不变。
tanqiao-8,tanqiao,zhuan,《化书·黄雀》,EXACT,1.0,n/a,子藏/诸子/化书.txt,疑人者为人所疑防人者为人所防,,0.0,,疑人者为人所疑，防人者为人所防。
tanqiao-9,tanqiao,bi,《化书·聪明》,VERBATIM,1.0,n/a,子藏/诸子/化书.txt,不能者有大不能无所不知者有大不知夫忘弓矢然后知射之道忘防辔然后知驭之道忘匏然后知乐之,,0.0,,忘弓矢然后知射之道，忘辔然后知驭之道。
tanqiao-10,tanqiao,zhuan,《化书·死生》,EXACT,1.0,n/a,子藏/诸子/化书.txt,万物非欲生不得不生万物非欲死不得不死,,0.0,,万物非欲生，不得不生；万物非欲死，不得不死。
tanqiao-11,tanqiao,bi,《化书·飞蛾》,EXACT,1.0,n/a,子藏/诸子/化书.txt,利害俱亡何往不臧,,0.0,,利害俱亡，何往不臧。
tanqiao-12,tanqiao,bi,《化书·枭鸡》,EXACT,1.0,n/a,子藏/诸子/化书.txt,能齐昏明者其为大人乎,,0.0,,能齐昏明者，其为大人乎。
tanqiao-13,tanqiao,bi,《化书·琥珀》,EXACT,1.0,n/a,子藏/诸子/化书.txt,忘其形而求其情,,0.0,,忘其形而求其情。
tanqiao-14,tanqiao,bi,《化书·五常》,EXACT,1.0,n/a,子藏/诸子/化书.txt,忘其名则得其理忘其理则得其情,,0.0,,忘其名则得其理，忘其理则得其情。
tanqiao-15,tanqiao,zhuan,《化书·虚实》,EXACT,1.0,n/a,子藏/诸子/化书.txt,水可使不湿火可使不烁,,0.0,,水可使不湿，火可使不烁。
tanqiao-16,tanqiao,bi,《化书·大同》,EXACT,1.0,n/a,子藏/诸子/化书.txt,唯大人无所不同无所不化,,0.0,,唯大人无所不同，无所不化。
tanqiao-17,tanqiao,bi,《化书·虚无》,EXACT,1.0,n/a,子藏/诸子/化书.txt,虚无者可以忘生死,,0.0,,虚无者可以忘生死。
tanqiao-18,tanqiao,bi,《化书·大同》,EXACT,1.0,n/a,子藏/诸子/化书.txt,虚含虚神含神气含气,,0.0,,虚含虚，神含神，气含气。
tanqiao-19,tanqiao,bi,《化书·死生》,EXACT,1.0,n/a,子藏/诸子/化书.txt,达此理者虚而乳之神可以不化形可以不生,,0.0,,达此理者，虚而乳之，神可以不化，形可以不生。
tanqiao-20,tanqiao,bi,《化书·异心》,EXACT,1.0,n/a,子藏/诸子/化书.txt,有数则终有智则穷,,0.0,,有数则终，有智则穷。
sanshiliuji-1,sanshiliuji,jin,《三十六计·瞒天过海》,EXACT,1.0,n/a,子藏/兵家/三十六计.txt,备周则意怠常见则不疑阴在阳之内不在阳之对,,0.0,,备周则意怠，常见则不疑。阴在阳之内，不在阳之对。
sanshiliuji-2,sanshiliuji,jin,《三十六计·围魏救赵》,EXACT,1.0,n/a,子藏/兵家/三十六计.txt,共敌不如分敌敌阳不如敌阴,,0.0,,共敌不如分敌，敌阳不如敌阴。
sanshiliuji-3,sanshiliuji,zhuan,《三十六计·以逸待劳》,EXACT,1.0,n/a,子藏/兵家/三十六计.txt,困敌之势不以战损刚益柔,,0.0,,困敌之势，不以战。损刚益柔。
sanshiliuji-4,sanshiliuji,jin,《三十六计·趁火打劫》,EXACT,1.0,n/a,子藏/兵家/三十六计.txt,敌之害大就势取利刚决柔也,,0.0,,敌之害大，就势取利，刚决柔也。
sanshiliuji-5,sanshiliuji,jin,《三十六计·无中生有》,EXACT,1.0,n/a,子藏/兵家/三十六计.txt,诳也非诳也实其所诳也,,0.0,,诳也，非诳也，实其所诳也。
sanshiliuji-6,sanshiliuji,jin,《三十六计·暗渡陈仓》,EXACT,1.0,n/a,子藏/兵家/三十六计.txt,示之以动利其静而有主,,0.0,,示之以动，利其静而有主。
sanshiliuji-7,sanshiliuji,jin,《三十六计·笑里藏刀》,EXACT,1.0,n/a,子藏/兵家/三十六计.txt,信而安之阴以图之备而后动勿使有变刚中柔外也,,0.0,,信而安之，阴以图之；备而后动，勿使有变。刚中柔外也。
sanshiliuji-8,sanshiliuji,zhuan,《三十六计·李代桃僵》,EXACT,1.0,n/a,子藏/兵家/三十六计.txt,势必有损损阴以益阳,,0.0,,势必有损，损阴以益阳。
sanshiliuji-9,sanshiliuji,jin,《三十六计·顺手牵羊》,EXACT,1.0,n/a,子藏/兵家/三十六计.txt,微隙在所必乘微利在所必得,,0.0,,微隙在所必乘，微利在所必得。
sanshiliuji-10,sanshiliuji,jin,《三十六计·打草惊蛇》,EXACT,1.0,n/a,子藏/兵家/三十六计.txt,疑以叩实察而后动,,0.0,,疑以叩实，察而后动。
sanshiliuji-11,sanshiliuji,jin,《三十六计·调虎离山》,EXACT,1.0,n/a,子藏/兵家/三十六计.txt,待天以困之用人以诱之,,0.0,,待天以困之，用人以诱之。
sanshiliuji-12,sanshiliuji,zhuan,《三十六计·欲擒姑纵》,EXACT,1.0,n/a,子藏/兵家/三十六计.txt,逼则反兵走则减势,,0.0,,逼则反兵，走则减势。
sanshiliuji-13,sanshiliuji,jin,《三十六计·抛砖引玉》,EXACT,1.0,n/a,子藏/兵家/三十六计.txt,类以诱之击蒙也,,0.0,,类以诱之，击蒙也。
sanshiliuji-14,sanshiliuji,jin,《三十六计·擒贼擒王》,EXACT,1.0,n/a,子藏/兵家/三十六计.txt,摧其坚夺其魁以解其体,,0.0,,摧其坚，夺其魁，以解其体。
sanshiliuji-15,sanshiliuji,zhuan,《三十六计·釜底抽薪》,EXACT,1.0,n/a,子藏/兵家/三十六计.txt,不敌其力而消其势,,0.0,,不敌其力，而消其势。
sanshiliuji-16,sanshiliuji,jin,《三十六计·混水摸鱼》,EXACT,1.0,n/a,子藏/兵家/三十六计.txt,乘其阴乱利其弱而无主,,0.0,,乘其阴乱，利其弱而无主。
sanshiliuji-17,sanshiliuji,jin,《三十六计·金蝉脱壳》,EXACT,1.0,n/a,子藏/兵家/三十六计.txt,存其形完其势友不疑敌不动,,0.0,,存其形，完其势；友不疑，敌不动。
sanshiliuji-18,sanshiliuji,jin,《三十六计·远交近攻》,EXACT,1.0,n/a,子藏/兵家/三十六计.txt,形禁势格利从近取害以远隔,,0.0,,形禁势格，利从近取，害以远隔。
sanshiliuji-19,sanshiliuji,bi,《三十六计·假痴不癫》,EXACT,1.0,n/a,子藏/兵家/三十六计.txt,宁伪作不知不为不伪作假知妄为,,0.0,,宁伪作不知不为，不伪作假知妄为。
sanshiliuji-20,sanshiliuji,jin,《三十六计·美人计》,EXACT,1.0,n/a,子藏/兵家/三十六计.txt,兵强者攻其将将智者伐其情,,0.0,,兵强者，攻其将；将智者，伐其情。
liquan-1,liquan,zhuan,《太白阴经》,EXACT,1.0,n/a,子藏/兵家/太白阴经.txt,唯圣人能反始复本以正理国以奇用兵以无事理天下,,0.0,,唯圣人能反始复本，以正理国，以奇用兵，以无事理天下。
liquan-2,liquan,jin,《太白阴经》,EXACT,1.0,n/a,子藏/兵家/太白阴经.txt,夫道贵制人不贵制于人,,0.0,,夫道贵制人，不贵制于人。
liquan-3,liquan,jin,《太白阴经》,EXACT,1.0,n/a,子藏/兵家/太白阴经.txt,制人之术避人之长攻人之短见己之所长蔽己之所短,,0.0,,制人之术，避人之长，攻人之短，见己之所长，蔽己之所短。
liquan-4,liquan,zhuan,《太白阴经》,EXACT,1.0,n/a,子藏/兵家/太白阴经.txt,善师者不阵善阵者不战善战者不败善败者不亡,,0.0,,善师者不阵，善阵者不战，善战者不败，善败者不亡。
liquan-5,liquan,jin,《太白阴经》,EXACT,1.0,n/a,子藏/兵家/太白阴经.txt,胜兵者先胜而后求战败兵者先战而后求胜,,0.0,,胜兵者先胜而后求战，败兵者先战而后求胜。
liquan-6,liquan,jin,《太白阴经》,EXACT,1.0,n/a,子藏/兵家/太白阴经.txt,能言而不能行者国之害能行而不能言者国之用,,0.0,,能言而不能行者，国之害；能行而不能言者，国之用。
liquan-7,liquan,jin,《太白阴经》,EXACT,1.0,n/a,子藏/兵家/太白阴经.txt,视卒如爱子故可与之俱死,,0.0,,视卒如爱子，故可与之俱死。
liquan-8,liquan,jin,《太白阴经》,EXACT,1.0,n/a,子藏/兵家/太白阴经.txt,厚而不能使爱而不能令乱而不能理譬如骄子不可用也,,0.0,,厚而不能使，爱而不能令，乱而不能理，譬如骄子，不可用也。
liquan-9,liquan,jin,《太白阴经》,EXACT,1.0,n/a,子藏/兵家/太白阴经.txt,令之以文齐之以武是谓必取,,0.0,,令之以文，齐之以武，是谓必取。
liquan-10,liquan,zhuan,《太白阴经》,EXACT,1.0,n/a,子藏/兵家/太白阴经.txt,凡兵所以存亡继绝救乱除害,,0.0,,凡兵所以存亡继绝，救乱除害。
liquan-11,liquan,jin,《太白阴经》,EXACT,1.0,n/a,子藏/兵家/太白阴经.txt,屈诸侯者以言役诸侯者以策,,0.0,,屈诸侯者以言，役诸侯者以策。
liquan-12,liquan,jin,《太白阴经》,EXACT,1.0,n/a,子藏/兵家/太白阴经.txt,竭三军气夺一将心疲万人力断千里粮,,0.0,,竭三军气，夺一将心，疲万人力，断千里粮。
liquan-13,liquan,jin,《太白阴经》,EXACT,1.0,n/a,子藏/兵家/太白阴经.txt,夫有容身之地智者不言弱有市井之利智者不言贫,,0.0,,夫有容身之地，智者不言弱；有市井之利，智者不言贫。
liquan-14,liquan,jin,《太白阴经》,EXACT,1.0,n/a,子藏/兵家/太白阴经.txt,非有灾害疾病而贫者非惰则奢,,0.0,,非有灾害疾病而贫者，非惰则奢。
liquan-15,liquan,jin,《太白阴经》,EXACT,1.0,n/a,子藏/兵家/太白阴经.txt,能移人之性变人之心者在刑赏之间,,0.0,,能移人之性，变人之心者，在刑赏之间。
liquan-16,liquan,zhuan,《太白阴经》,EXACT,1.0,n/a,子藏/兵家/太白阴经.txt,将军之事以静正理以神察微以智役物,,0.0,,将军之事，以静正理，以神察微，以智役物。
liquan-17,liquan,jin,《太白阴经》,EXACT,1.0,n/a,子藏/兵家/太白阴经.txt,兽之动必先爪牙禽之动必先觜距,,0.0,,兽之动必先爪牙，禽之动必先觜距。
liquan-18,liquan,zhuan,《太白阴经》,EXACT,1.0,n/a,子藏/兵家/太白阴经.txt,兵有百战百胜之术非善之善者也不如不战而屈人之兵善之善者也,,0.0,,兵有百战百胜之术，非善之善者也；不如不战而屈人之兵，善之善者也。
liquan-19,liquan,jin,《太白阴经》,EXACT,1.0,n/a,子藏/兵家/太白阴经.txt,天道鬼神视之不见听之不闻索之不得,,0.0,,天道鬼神，视之不见，听之不闻，索之不得。
liquan-20,liquan,bi,《太白阴经》,EXACT,1.0,n/a,子藏/兵家/太白阴经.txt,人不监于流水而监于止水以其清且平也,,0.0,,人不监于流水而监于止水，以其清且平也。
xudong-1,xudong,jin,《虎钤经》,EXACT,1.0,n/a,子藏/兵家/虎钤经.txt,智敌万人苟无万人之用与愚者同矣,,0.0,,智敌万人，苟无万人之用，与愚者同矣。
xudong-2,xudong,jin,《虎钤经》,EXACT,1.0,n/a,子藏/兵家/虎钤经.txt,勇冠三军苟无三军之用与懦者同矣,,0.0,,勇冠三军，苟无三军之用，与懦者同矣。
xudong-3,xudong,jin,《虎钤经》,EXACT,1.0,n/a,子藏/兵家/虎钤经.txt,善为将者正而能变刚而能恤仁而能断勇而能详,,0.0,,善为将者，正而能变，刚而能恤，仁而能断，勇而能详。
xudong-4,xudong,jin,《虎钤经》,EXACT,1.0,n/a,子藏/兵家/虎钤经.txt,功拔战胜使敌不敢抗衡者岂敌怯乎由我威令整进退肃赏罚明也,,0.0,,功拔战胜使敌不敢抗衡者，岂敌怯乎？由我威令整，进退肃，赏罚明也。
xudong-5,xudong,zhuan,《虎钤经》,EXACT,1.0,n/a,子藏/兵家/虎钤经.txt,天必藉地力然后运四气正生杀也,,0.0,,天必藉地力，然后运四气、正生杀也。
xudong-6,xudong,jin,《虎钤经》,EXACT,1.0,n/a,子藏/兵家/虎钤经.txt,贵必藉贱力然后能立元功而建王业也,,0.0,,贵必藉贱力，然后能立元功而建王业也。
xudong-7,xudong,jin,《虎钤经》,EXACT,1.0,n/a,子藏/兵家/虎钤经.txt,险而易之易而险之,,0.0,,险而易之，易而险之。
xudong-8,xudong,jin,《虎钤经》,EXACT,1.0,n/a,子藏/兵家/虎钤经.txt,善抚恤者勿频斗虑其劳疲而无勇也,,0.0,,善抚恤者勿频斗，虑其劳疲而无勇也。
xudong-9,xudong,jin,《虎钤经》,EXACT,1.0,n/a,子藏/兵家/虎钤经.txt,善保守者勿使进攻虑其迟缓而不猛也,,0.0,,善保守者勿使进攻，虑其迟缓而不猛也。
xudong-10,xudong,jin,《虎钤经》,EXACT,1.0,n/a,子藏/兵家/虎钤经.txt,多方者勿使与于决事虑其犹豫也,,0.0,,多方者勿使与于决事，虑其犹豫也。
xudong-11,xudong,jin,《虎钤经》,EXACT,1.0,n/a,子藏/兵家/虎钤经.txt,多勇者勿与谋敌虑其过轻也,,0.0,,多勇者勿与谋敌，虑其过轻也。
xudong-12,xudong,bi,《虎钤经》,EXACT,1.0,n/a,子藏/兵家/虎钤经.txt,我大众之内有善有恶无弃人焉,,0.0,,我大众之内，有善有恶，无弃人焉。
xudong-13,xudong,jin,《虎钤经》,EXACT,1.0,n/a,子藏/兵家/虎钤经.txt,人无所弃斯不怨则动有功矣,,0.0,,人无所弃，斯不怨，则动有功矣。
xudong-14,xudong,zhuan,《虎钤经》,EXACT,1.0,n/a,子藏/兵家/虎钤经.txt,人者天地之心也,,0.0,,人者，天地之心也。
xudong-15,xudong,jin,《虎钤经》,EXACT,1.0,n/a,子藏/兵家/虎钤经.txt,善用兵者防乱于未乱备急于未急,,0.0,,善用兵者，防乱于未乱，备急于未急。
xudong-16,xudong,zhuan,《虎钤经》,EXACT,1.0,n/a,子藏/兵家/虎钤经.txt,正则可以率天地之用草寇可为王矣,,0.0,,正则可以率天地之用，草寇可为王矣。
xudong-17,xudong,jin,《虎钤经》,EXACT,1.0,n/a,子藏/兵家/虎钤经.txt,先以人次以地次以天然后攻之必克敌也,,0.0,,先以人，次以地，次以天，然后攻之，必克敌也。
xudong-18,xudong,jin,《虎钤经》,EXACT,1.0,n/a,子藏/兵家/虎钤经.txt,动为客静为主观敌之动何如乃应之,,0.0,,动为客，静为主，观敌之动何如乃应之。
xudong-19,xudong,jin,《虎钤经》,EXACT,1.0,n/a,子藏/兵家/虎钤经.txt,重门击柝以待暴客盖取诸豫,,0.0,,重门击柝，以待暴客，盖取诸豫。
xudong-20,xudong,jin,《虎钤经》,EXACT,1.0,n/a,子藏/兵家/虎钤经.txt,兵家所利随其长短而用之也,,0.0,,兵家所利，随其长短而用之也。
hequfei-1,hequfei,jin,《何博士备论》,EXACT,1.0,n/a,子藏/兵家/何博士备论.txt,六国之君自战其所可亲而忘其所可雠,,0.0,,六国之君，自战其所可亲，而忘其所可雠。
hequfei-2,hequfei,jin,《何博士备论》,EXACT,1.0,n/a,子藏/兵家/何博士备论.txt,六国之势莫利于为从莫害于为衡从合则安衡成则危,,0.0,,六国之势，莫利于为从，莫害于为衡；从合则安，衡成则危。
hequfei-3,hequfei,jin,《何博士备论》,EXACT,1.0,n/a,子藏/兵家/何博士备论.txt,兼敌之师利于转战救败之师利于固守兵之常势也,,0.0,,兼敌之师利于转战，救败之师利于固守，兵之常势也。
hequfei-4,hequfei,jin,《何博士备论》,EXACT,1.0,n/a,子藏/兵家/何博士备论.txt,以攻则克以守则固当攻而守当守而攻均败之道也,,0.0,,以攻则克，以守则固；当攻而守，当守而攻，均败之道也。
hequfei-5,hequfei,zhuan,《何博士备论》,EXACT,1.0,n/a,子藏/兵家/何博士备论.txt,王天下者其资有三有以德得之有以力并之有以智取之,,0.0,,王天下者，其资有三：有以德得之，有以力并之，有以智取之。
hequfei-6,hequfei,zhuan,《何博士备论》,EXACT,1.0,n/a,子藏/兵家/何博士备论.txt,以力则不若智之胜以智则不若德之全,,0.0,,以力则不若智之胜，以智则不若德之全。
hequfei-7,hequfei,jin,《何博士备论》,EXACT,1.0,n/a,子藏/兵家/何博士备论.txt,夫能因人之智而任之不疑则天下之智皆其资也,,0.0,,夫能因人之智而任之不疑，则天下之智皆其资也。
hequfei-8,hequfei,jin,《何博士备论》,EXACT,1.0,n/a,子藏/兵家/何博士备论.txt,杜患于未兆弭菑于未形者贤臣也,,0.0,,杜患于未兆，弭菑于未形者，贤臣也。
hequfei-9,hequfei,jin,《何博士备论》,EXACT,1.0,n/a,子藏/兵家/何博士备论.txt,祸结而排之使安难立而戡之使平者功臣也,,0.0,,祸结而排之使安，难立而戡之使平者，功臣也。
hequfei-10,hequfei,jin,《何博士备论》,VERBATIM,0.97,n/a,子藏/兵家/何博士备论.txt,不非而义者不罪者以其为天下者重而负人者轻故也是以不顾意气之防防而全社稷之大计也汉高帝挟其在己之智术固无足以定天下而王之然天下卒归之者盖能収人之智而任之不疑也夫能因人之智而任之不疑则,,0.0,,汉高帝挟其在己之智术，固无足以定天下而王之；然天下卒归之者，盖能收人之智而任之不疑也。
hequfei-11,hequfei,zhuan,《何博士备论》,VERBATIM,1.0,n/a,子藏/兵家/何博士备论.txt,祖夺其兵不旋踵而又夺其齐然而智者不非而义者不罪者以其为天下者重而负人者轻故也是以不顾意气之防防而全社稷之大计,,0.0,,智者不非，义者不罪者，以其为天下者重而负人者轻。
hequfei-12,hequfei,jin,《何博士备论》,EXACT,1.0,n/a,子藏/兵家/何博士备论.txt,富贵不归故乡如衣绣夜行谁能知者,,0.0,,富贵不归故乡，如衣绣夜行，谁能知者？
hequfei-13,hequfei,jin,《何博士备论》,EXACT,1.0,n/a,子藏/兵家/何博士备论.txt,古者持国任事有四臣焉,,0.0,,古者持国任事有四臣焉。
hequfei-14,hequfei,jin,《何博士备论》,EXACT,1.0,n/a,子藏/兵家/何博士备论.txt,而齐楚燕赵反居齿寒之忧非至计也,,0.0,,而齐楚燕赵反居齿寒之忧，非至计也。
hequfei-15,hequfei,jin,《何博士备论》,EXACT,1.0,n/a,子藏/兵家/何博士备论.txt,使关东之国裂而为六者岂天所以终相秦乎,,0.0,,使关东之国裂而为六者，岂天所以终相秦乎？
hequfei-16,hequfei,jin,《何博士备论》,VERBATIM,0.95,n/a,子藏/兵家/何博士备论.txt,之势可成以其为国者六是以秦人得以间其懽而离其交终于一二而夷灭之悲夫秦论兵有攻有守善为兵者必知夫攻守之所宜故以,,0.0,,秦人得以间其欢而离其交，终于一二而夷灭之，悲夫。
hequfei-18,hequfei,jin,《何博士备论》,EXACT,1.0,n/a,子藏/兵家/何博士备论.txt,至于阻河山据形便俯首东瞰临制天下保王业之固遗后世之强所谓真力者,,0.0,,至于阻河山，据形便，俯首东瞰，临制天下，保王业之固，遗后世之强，所谓真力者。
hequfei-19,hequfei,zhuan,《何博士备论》,VERBATIM,1.0,n/a,子藏/兵家/何博士备论.txt,罪者以其为天下者重而负人者轻故也是以不顾意气之防防而全社稷之大计也汉高帝挟其在己,,0.0,,是以不顾意气之防，而全社稷之大计也。
hequfei-20,hequfei,jin,《何博士备论》,EXACT,1.0,n/a,子藏/兵家/何博士备论.txt,夫虽防汉高帝则羽之于天下固将失之也,,0.0,,夫虽防汉高帝，则羽之于天下固将失之也。
zhaorui-1,zhaorui,zhuan,《长短经》,EXACT,1.0,n/a,子藏/诸子/长短经.txt,王者之政化之霸者之政威之强国之政胁之各有所施不可易也,,0.0,,王者之政化之，霸者之政威之，强国之政胁之，各有所施，不可易也。
zhaorui-2,zhaorui,bi,《长短经》,EXACT,1.0,n/a,子藏/诸子/长短经.txt,圣人能辅时不能违时,,0.0,,圣人能辅时，不能违时。
zhaorui-3,zhaorui,jin,《长短经》,EXACT,1.0,n/a,子藏/诸子/长短经.txt,臣以自任为能君以能用人为能,,0.0,,臣以自任为能，君以能用人为能。
zhaorui-4,zhaorui,zhuan,《长短经》,VERBATIM,0.96,n/a,子藏/诸子/长短经.txt,也知事者臣道也无形者物之君也无端者事之本也鼔不预五音而为五音主有道者不为五官之事而为理事之主君守其道官知其事有自来矣先王知其,,0.0,,鼓不预五音，而为五音主；有道者不为五官之事，而为理事之主。
zhaorui-5,zhaorui,jin,《长短经》,EXACT,1.0,n/a,子藏/诸子/长短经.txt,强脊者使之负土眇者使之推伛者使之涂各有所宜而人性齐矣,,0.0,,强脊者使之负土，眇者使之推，伛者使之涂，各有所宜，而人性齐矣。
zhaorui-6,zhaorui,zhuan,《长短经》,EXACT,1.0,n/a,子藏/诸子/长短经.txt,胡人便于马越人便于舟异形殊类易事则悖矣,,0.0,,胡人便于马，越人便于舟，异形殊类，易事则悖矣。
zhaorui-7,zhaorui,zhuan,《长短经》,VERBATIM,1.0,n/a,子藏/诸子/长短经.txt,足化于百姓而不伤于本本亦身也富则天下无菀财菀积施则天下不病贫此则贤者,,0.0,,富则天下无菀财，施则天下不病贫。
zhaorui-8,zhaorui,bi,《长短经》,EXACT,1.0,n/a,子藏/诸子/长短经.txt,富贵不足以益贫贱不足以损此则士人也,,0.0,,富贵不足以益，贫贱不足以损，此则士人也。
zhaorui-9,zhaorui,bi,《长短经》,VARIANT,0.92,n/a,子藏/诸子/长短经.txt,可越而终不可及者此君子也油然不进之貌也越过也孙卿曰夫君子能为可贵不能使人必贵已能为可信不能使人必信已能为可用不能使人必用已故,子藏/诸子/荀子.txt,0.88,也惟惟而亡者诽也博而穷者訾也清之而俞浊者口也君子能为可贵不能使人必贵己能为可用不能使人必用己诰誓不及五帝盟诅不及三王交质子不,夫君子能为可贵，不能使人必贵己；能为可信，不能使人必信己。
zhaorui-10,zhaorui,zhuan,《长短经》,EXACT,1.0,n/a,子藏/诸子/长短经.txt,行中规绳言足法于天下而不伤其身,,0.0,,行中规绳，言足法于天下，而不伤其身。
zhaorui-11,zhaorui,jin,《长短经》,EXACT,1.0,n/a,子藏/诸子/长短经.txt,料才核能治世之要,,0.0,,料才核能，治世之要。
zhaorui-12,zhaorui,zhuan,《长短经》,VARIANT,0.94,n/a,子藏/诸子/长短经.txt,范云帝王用人度世授才争夺之时书防为先分定之后忠义为首故晋文行舅犯之计而赏雍季之言,,0.0,,争夺之时，书策为先；分定之后，忠义为首。
zhaorui-13,zhaorui,zhuan,《长短经》,EXACT,1.0,n/a,子藏/诸子/长短经.txt,修礼者王为政者强取人者安聚敛者亡,,0.0,,修礼者王，为政者强，取人者安，聚敛者亡。
zhaorui-14,zhaorui,zhuan,《长短经》,EXACT,1.0,n/a,子藏/诸子/长短经.txt,百姓足君孰与不足,,0.0,,百姓足，君孰与不足。
zhaorui-16,zhaorui,bi,《长短经》,EXACT,1.0,n/a,子藏/诸子/长短经.txt,其用智甚简其为事不劳而功名甚大此能用非其有如己有者也,,0.0,,其用智甚简，其为事不劳，而功名甚大，此能用非其有如己有者也。
zhaorui-17,zhaorui,zhuan,《长短经》,EXACT,1.0,n/a,子藏/诸子/长短经.txt,夫一官之任以一味协五味一国之政以无味和五味,,0.0,,夫一官之任，以一味协五味；一国之政，以无味和五味。
zhaorui-18,zhaorui,jin,《长短经》,EXACT,1.0,n/a,子藏/诸子/长短经.txt,尧知九赋之事使九子各授其事皆胜其任以成九功,,0.0,,尧知九赋之事，使九子各授其事，皆胜其任，以成九功。
zhaorui-19,zhaorui,bi,《长短经》,EXACT,1.0,n/a,子藏/诸子/长短经.txt,君守其道官知其事,,0.0,,君守其道，官知其事。
zhaorui-20,zhaorui,jin,《长短经》,EXACT,1.0,n/a,子藏/诸子/长短经.txt,故任长之道不可不察,,0.0,,故任长之道，不可不察。
hequfei-17,hequfei,jin,《何博士备论》,EXACT,1.0,n/a,子藏/兵家/何博士备论.txt,夫其存亡胜败之机取决于一战其锋至锐也,,0.0,,夫其存亡胜败之机，取决于一战，其锋至锐也。
zhaorui-15,zhaorui,jin,《长短经》,EXACT,1.0,n/a,子藏/诸子/长短经.txt,进取之士未必能有行有行之士未必能进取,,0.0,,进取之士，未必能有行；有行之士，未必能进取。
wunengzi-1,wunengzi,bi,《无能子》,EXACT,1.0,n/a,子藏/诸子/无能子.txt,天则刚健而动地则柔顺而静炁之自然也,,0.0,,天则刚健而动，地则柔顺而静，炁之自然也。
wunengzi-2,wunengzi,bi,《无能子》,EXACT,1.0,n/a,子藏/诸子/无能子.txt,人自谓异于鳞羽毛甲诸虫者岂非乎,,0.0,,人自谓异于鳞羽毛甲诸虫者，岂非乎？
wunengzi-3,wunengzi,bi,《无能子》,EXACT,1.0,n/a,子藏/诸子/无能子.txt,夫水流湿火就燥云从龙风从虎自然感应之理也,,0.0,,夫水流湿，火就燥，云从龙，风从虎，自然感应之理也。
wunengzi-4,wunengzi,bi,《无能子》,EXACT,1.0,n/a,子藏/诸子/无能子.txt,夫鱼相忘于江湖人相忘于自然各适矣,,0.0,,夫鱼相忘于江湖，人相忘于自然，各适矣。
wunengzi-5,wunengzi,bi,《无能子》,EXACT,1.0,n/a,子藏/诸子/无能子.txt,柔弱胜刚强则舍神体虚专气致柔者得乎,,0.0,,柔弱胜刚强，则舍神体虚、专气致柔者得乎？
wunengzi-6,wunengzi,bi,《无能子》,EXACT,1.0,n/a,子藏/诸子/无能子.txt,鸟飞于空鱼游于渊非术也,,0.0,,鸟飞于空，鱼游于渊，非术也。
wunengzi-7,wunengzi,bi,《无能子》,EXACT,1.0,n/a,子藏/诸子/无能子.txt,故情有所专者明者不为,,0.0,,故情有所专者，明者不为。
wunengzi-8,wunengzi,bi,《无能子》,VARIANT,0.94,n/a,子藏/诸子/无能子.txt,畏则形骸之外何足洞吾之至和哉质妄第五天下人所共趋之而不知止者富贵舆美名尔所谓富贵者足于物尔夫富贵,,0.0,,天下人所共趋之而不知止者，富贵与美名尔。
wunengzi-9,wunengzi,bi,《无能子》,EXACT,1.0,n/a,子藏/诸子/无能子.txt,若以名所亲之名名天下之人则天下之人皆所亲矣,,0.0,,若以名所亲之名名天下之人，则天下之人皆所亲矣。
wunengzi-10,wunengzi,bi,《无能子》,EXACT,1.0,n/a,子藏/诸子/无能子.txt,夫民之有心者研之以无澄之以虚,,0.0,,夫民之有心者，研之以无，澄之以虚。
wunengzi-11,wunengzi,zhuan,《无能子》,EXACT,1.0,n/a,子藏/诸子/无能子.txt,如火之可用以焚不可夺其炎也,,0.0,,如火之可用以焚，不可夺其炎也。
wunengzi-12,wunengzi,zhuan,《无能子》,EXACT,1.0,n/a,子藏/诸子/无能子.txt,如水之可用以润不可夺其湿也,,0.0,,如水之可用以润，不可夺其湿也。
wunengzi-13,wunengzi,bi,《无能子》,EXACT,1.0,n/a,子藏/诸子/无能子.txt,夫富贵之亢极者大则帝王小则公侯而已,,0.0,,夫富贵之亢极者，大则帝王，小则公侯而已。
wunengzi-14,wunengzi,zhuan,《无能子》,EXACT,1.0,n/a,子藏/诸子/无能子.txt,故神之召气气之从神犹此也,,0.0,,故神之召气，气之从神，犹此也。
wunengzi-15,wunengzi,bi,《无能子》,EXACT,1.0,n/a,子藏/诸子/无能子.txt,知自然之相应专玄牝之归根,,0.0,,知自然之相应，专玄牝之归根。
wunengzi-16,wunengzi,zhuan,《无能子》,VARIANT,0.95,n/a,子藏/诸子/无能子.txt,殷政自荒生民自荼胡与于汝汝胡垢予西伯曰夫圣人不藏用以独善于已必尽智以兼济万物岂无是耶望曰夫人,,0.0,,夫圣人不藏用以独善于己，必尽智以兼济万物。
wunengzi-17,wunengzi,bi,《无能子》,EXACT,1.0,n/a,子藏/诸子/无能子.txt,自然生者虽寂而常生自然死者虽摇而常死,,0.0,,自然生者虽寂而常生，自然死者虽摇而常死。
wunengzi-18,wunengzi,bi,《无能子》,EXACT,1.0,n/a,子藏/诸子/无能子.txt,故为鸟为鱼者亦不自知其能飞能游,,0.0,,故为鸟为鱼者，亦不自知其能飞能游。
wunengzi-19,wunengzi,bi,《无能子》,EXACT,1.0,n/a,子藏/诸子/无能子.txt,今人莫不好生恶死而不知自然生死之理,,0.0,,今人莫不好生恶死，而不知自然生死之理。
wunengzi-20,wunengzi,bi,《无能子》,EXACT,1.0,n/a,子藏/诸子/无能子.txt,夫无所孝慈者孝慈天下有所孝慈者孝慈一家,,0.0,,夫无所孝慈者孝慈天下，有所孝慈者孝慈一家。
heguanzi-1,heguanzi,jin,《鹖冠子》,EXACT,1.0,n/a,子藏/诸子/鹖冠子.txt,故帝者与师处王者与友处亡主与徒处,,0.0,,故帝者与师处，王者与友处，亡主与徒处。
heguanzi-2,heguanzi,bi,《鹖冠子》,EXACT,1.0,n/a,子藏/诸子/鹖冠子.txt,因人则逸任己则劳,,0.0,,因人则逸，任己则劳。
heguanzi-3,heguanzi,bi,《鹖冠子》,EXACT,1.0,n/a,子藏/诸子/鹖冠子.txt,无为而尊神明者以人为本者也,,0.0,,无为而尊，神明者以人为本者也。
heguanzi-4,heguanzi,bi,《鹖冠子》,EXACT,1.0,n/a,子藏/诸子/鹖冠子.txt,夫君子者易亲而难狎畏祸而难却死义,,0.0,,夫君子者，易亲而难狎，畏祸而难却，死义。
heguanzi-5,heguanzi,bi,《鹖冠子》,EXACT,1.0,n/a,子藏/诸子/鹖冠子.txt,贵者有知富者有财贫者有身,,0.0,,贵者有知，富者有财，贫者有身。
heguanzi-6,heguanzi,jin,《鹖冠子》,VERBATIM,0.95,n/a,子藏/诸子/鹖冠子.txt,无齿决亦无益于事也若是置之虽安非定也言幸安也夫抱火厝之积薪之下而寝卧其上虽未及然终亦必运而已矣端倚有位名号弗去言,,0.0,,夫抱火厝之积薪之下，而寝卧其上，虽未及然，终亦必焚。
heguanzi-7,heguanzi,zhuan,《鹖冠子》,EXACT,1.0,n/a,子藏/诸子/鹖冠子.txt,夫专任法制不以厚德将之而欲以持久难哉,,0.0,,夫专任法制，不以厚德将之，而欲以持久，难哉。
heguanzi-8,heguanzi,bi,《鹖冠子》,EXACT,1.0,n/a,子藏/诸子/鹖冠子.txt,道有稽以道为决德有据以德为验,,0.0,,道有稽，以道为决；德有据，以德为验。
heguanzi-9,heguanzi,jin,《鹖冠子》,EXACT,1.0,n/a,子藏/诸子/鹖冠子.txt,故北面而事之则伯己者至,,0.0,,故北面而事之，则伯己者至。
heguanzi-10,heguanzi,jin,《鹖冠子》,EXACT,1.0,n/a,子藏/诸子/鹖冠子.txt,先趋而后息先问而后默则什己者至,,0.0,,先趋而后息，先问而后默，则什己者至。
heguanzi-11,heguanzi,jin,《鹖冠子》,EXACT,1.0,n/a,子藏/诸子/鹖冠子.txt,乐则嗟之苦则咄之不礼甚矣,,0.0,,乐则嗟之，苦则咄之，不礼甚矣。
heguanzi-12,heguanzi,jin,《鹖冠子》,EXACT,1.0,n/a,子藏/诸子/鹖冠子.txt,上有随君下无直辞君有骄行民多讳言,,0.0,,上有随君，下无直辞；君有骄行，民多讳言。
heguanzi-13,heguanzi,bi,《鹖冠子》,EXACT,1.0,n/a,子藏/诸子/鹖冠子.txt,夫巧者不能画则辩者亦不能言矣,,0.0,,夫巧者不能画，则辩者亦不能言矣。
heguanzi-14,heguanzi,jin,《鹖冠子》,EXACT,1.0,n/a,子藏/诸子/鹖冠子.txt,故人乖其诚能士隐其实情心虽不说弗敢不誉,,0.0,,故人乖其诚能，士隐其实情，心虽不说，弗敢不誉。
heguanzi-15,heguanzi,bi,《鹖冠子》,EXACT,1.0,n/a,子藏/诸子/鹖冠子.txt,夫道有情有信非若断空虽无形而非理也,,0.0,,夫道有情有信，非若断空，虽无形而非理也。
heguanzi-16,heguanzi,bi,《鹖冠子》,EXACT,1.0,n/a,子藏/诸子/鹖冠子.txt,常辅万物之自然而不敢为也,,0.0,,常辅万物之自然而不敢为也。
heguanzi-17,heguanzi,jin,《鹖冠子》,EXACT,1.0,n/a,子藏/诸子/鹖冠子.txt,计功而偿权德而言,,0.0,,计功而偿，权德而言。
heguanzi-18,heguanzi,jin,《鹖冠子》,EXACT,1.0,n/a,子藏/诸子/鹖冠子.txt,先无怨雠之患后无毁名败行之咎,,0.0,,先无怨雠之患，后无毁名败行之咎。
heguanzi-19,heguanzi,jin,《鹖冠子》,EXACT,1.0,n/a,子藏/诸子/鹖冠子.txt,以利为情若不相与同恶则不能相亲相与同恶则有相憎,,0.0,,以利为情，若不相与同恶，则不能相亲；相与同恶，则有相憎。
heguanzi-20,heguanzi,bi,《鹖冠子》,EXACT,1.0,n/a,子藏/诸子/鹖冠子.txt,夫义节欲而治礼反情而辨者也,,0.0,,夫义节欲而治，礼反情而辨者也。
liuan-1,liuan,bi,《淮南子》,EXACT,1.0,n/a,子藏/诸子/淮南子.txt,因其自然而推之万物之变不可究也,,0.0,,因其自然而推之，万物之变不可究也。
liuan-2,liuan,bi,《淮南子》,EXACT,1.0,n/a,子藏/诸子/淮南子.txt,执道要之柄而游于无穷之地,,0.0,,执道要之柄，而游于无穷之地。
liuan-3,liuan,bi,《淮南子》,EXACT,1.0,n/a,子藏/诸子/淮南子.txt,处上而民弗重居前而众弗害,,0.0,,处上而民弗重，居前而众弗害。
liuan-5,liuan,bi,《淮南子》,EXACT,1.0,n/a,子藏/诸子/淮南子.txt,故机械之心藏于胸中则纯白不粹神德不全,,0.0,,故机械之心藏于胸中，则纯白不粹，神德不全。
liuan-6,liuan,zhuan,《淮南子》,EXACT,1.0,n/a,子藏/诸子/淮南子.txt,革坚则兵利城成则冲生,,0.0,,革坚则兵利，城成则冲生。
liuan-7,liuan,bi,《淮南子》,EXACT,1.0,n/a,子藏/诸子/淮南子.txt,体道者逸而不穷任数者劳而无功,,0.0,,体道者逸而不穷，任数者劳而无功。
liuan-8,liuan,zhuan,《淮南子》,EXACT,1.0,n/a,子藏/诸子/淮南子.txt,峭法刻诛者非霸王之业也,,0.0,,峭法刻诛者，非霸王之业也。
liuan-9,liuan,zhuan,《淮南子》,EXACT,1.0,n/a,子藏/诸子/淮南子.txt,两木相摩而然金火相守而流,,0.0,,两木相摩而然，金火相守而流。
liuan-10,liuan,bi,《淮南子》,EXACT,1.0,n/a,子藏/诸子/淮南子.txt,万物有所生而独知守其根百事有所出而独知守其门,,0.0,,万物有所生，而独知守其根；百事有所出，而独知守其门。
liuan-11,liuan,bi,《淮南子》,EXACT,1.0,n/a,子藏/诸子/淮南子.txt,达于道者反于清静究于物者终于无为,,0.0,,达于道者反于清静，究于物者终于无为。
liuan-12,liuan,bi,《淮南子》,EXACT,1.0,n/a,子藏/诸子/淮南子.txt,以恬养性以漠处神则入于天门,,0.0,,以恬养性，以漠处神，则入于天门。
liuan-13,liuan,bi,《淮南子》,VERBATIM,1.0,n/a,子藏/诸子/淮南子.txt,络马之口穿盾之牛者人也循天者与道游者也随人者与俗交者也夫井鱼不可与语大拘于隘也夏虫不可与语寒笃于时也曲士不可与语至道拘于俗束于教也故,,0.0,,夫井鱼不可与语大，拘于隘也；曲士不可与语至道，拘于俗、束于教也。
liuan-14,liuan,bi,《淮南子》,EXACT,1.0,n/a,子藏/诸子/淮南子.txt,圣人不以人滑天不以欲乱情,,0.0,,圣人不以人滑天，不以欲乱情。
liuan-15,liuan,bi,《淮南子》,EXACT,1.0,n/a,子藏/诸子/淮南子.txt,不谋而当不言而信不虑而得不为而成,,0.0,,不谋而当，不言而信，不虑而得，不为而成。
liuan-16,liuan,zhuan,《淮南子》,EXACT,1.0,n/a,子藏/诸子/淮南子.txt,夫善游者溺善骑者堕各以其所好反自为祸,,0.0,,夫善游者溺，善骑者堕，各以其所好反自为祸。
liuan-17,liuan,bi,《淮南子》,EXACT,1.0,n/a,子藏/诸子/淮南子.txt,故好事者未尝不中争利者未尝不穷也,,0.0,,故好事者未尝不中，争利者未尝不穷也。
liuan-18,liuan,jin,《淮南子》,EXACT,1.0,n/a,子藏/诸子/淮南子.txt,圣人不贵尺之璧而重寸之阴时难得而易失也,,0.0,,圣人不贵尺之璧，而重寸之阴，时难得而易失也。
liuan-19,liuan,zhuan,《淮南子》,EXACT,1.0,n/a,子藏/诸子/淮南子.txt,兵强则灭木强则折革固则裂齿坚于舌而先之弊,,0.0,,兵强则灭，木强则折，革固则裂，齿坚于舌而先之弊。
liuan-20,liuan,bi,《淮南子》,EXACT,1.0,n/a,子藏/诸子/淮南子.txt,故得道者志弱而事强心虚而应当,,0.0,,故得道者志弱而事强，心虚而应当。
liuan-4,liuan,zhuan,《淮南子》,EXACT,1.0,n/a,子藏/诸子/淮南子.txt,矢不若缴缴不若无形之像,,0.0,,矢不若缴，缴不若无形之像。
jiexuan-1,jiexuan,zhuan,《兵经百言》,EXACT,1.0,n/a,子藏/兵家/兵经百言.txt,以无争止争以不战弭战,,0.0,,以无争止争，以不战弭战。
jiexuan-2,jiexuan,zhuan,《兵经百言》,EXACT,1.0,n/a,子藏/兵家/兵经百言.txt,不争力而争心不争人而争己,,0.0,,不争力而争心，不争人而争己。
jiexuan-3,jiexuan,jin,《兵经百言》,EXACT,1.0,n/a,子藏/兵家/兵经百言.txt,兵争交将争谋将将争机,,0.0,,兵争交，将争谋，将将争机。
jiexuan-4,jiexuan,zhuan,《兵经百言》,EXACT,1.0,n/a,子藏/兵家/兵经百言.txt,计有可制愚不可制智有可制智不可制愚,,0.0,,计有可制愚，不可制智；有可制智，不可制愚。
jiexuan-5,jiexuan,jin,《兵经百言》,EXACT,1.0,n/a,子藏/兵家/兵经百言.txt,故善计者因敌而生因己而生,,0.0,,故善计者，因敌而生，因己而生。
jiexuan-6,jiexuan,jin,《兵经百言》,EXACT,1.0,n/a,子藏/兵家/兵经百言.txt,故善用兵者能变主客之形移多寡之数翻劳逸之机,,0.0,,故善用兵者，能变主客之形，移多寡之数，翻劳逸之机。
jiexuan-7,jiexuan,jin,《兵经百言》,EXACT,1.0,n/a,子藏/兵家/兵经百言.txt,宁使我有虚防无使彼得实着,,0.0,,宁使我有虚防，无使彼得实着。
jiexuan-8,jiexuan,jin,《兵经百言》,EXACT,1.0,n/a,子藏/兵家/兵经百言.txt,故能过百人者长百人能过千人者长千人,,0.0,,故能过百人者，长百人；能过千人者，长千人。
jiexuan-9,jiexuan,jin,《兵经百言》,EXACT,1.0,n/a,子藏/兵家/兵经百言.txt,故善用才者偏裨皆大将也,,0.0,,故善用才者，偏裨皆大将也。
jiexuan-10,jiexuan,jin,《兵经百言》,EXACT,1.0,n/a,子藏/兵家/兵经百言.txt,故善驭者使其能而去其凶收其益而杜其损,,0.0,,故善驭者，使其能而去其凶，收其益而杜其损。
jiexuan-11,jiexuan,jin,《兵经百言》,EXACT,1.0,n/a,子藏/兵家/兵经百言.txt,勒马者必以羁勒勒兵者必以法令,,0.0,,勒马者必以羁勒，勒兵者必以法令。
jiexuan-12,jiexuan,jin,《兵经百言》,EXACT,1.0,n/a,子藏/兵家/兵经百言.txt,故胜天下者不驰法,,0.0,,故胜天下者不驰法。
jiexuan-13,jiexuan,jin,《兵经百言》,EXACT,1.0,n/a,子藏/兵家/兵经百言.txt,恩重乃可施法罚行而后威济,,0.0,,恩重乃可施法，罚行而后威济。
jiexuan-14,jiexuan,jin,《兵经百言》,EXACT,1.0,n/a,子藏/兵家/兵经百言.txt,故将以专制而成分制而异,,0.0,,故将以专制而成，分制而异。
jiexuan-15,jiexuan,jin,《兵经百言》,EXACT,1.0,n/a,子藏/兵家/兵经百言.txt,大将在外有不俟奏请赠赏诛讨相机以为进止,,0.0,,大将在外，有不俟奏请赠赏诛讨，相机以为进止。
jiexuan-16,jiexuan,bi,《兵经百言》,EXACT,1.0,n/a,子藏/兵家/兵经百言.txt,敌有胜名于我无损则侮言可纳兵加可避计来可受,,0.0,,敌有胜名，于我无损，则侮言可纳，兵加可避，计来可受。
jiexuan-17,jiexuan,bi,《兵经百言》,EXACT,1.0,n/a,子藏/兵家/兵经百言.txt,拙遇强敌而坚壁或退守时宜拙也,,0.0,,拙遇强敌而坚壁，或退守，时宜拙也。
jiexuan-18,jiexuan,bi,《兵经百言》,EXACT,1.0,n/a,子藏/兵家/兵经百言.txt,气聚中虚则智气散四肢则朴,,0.0,,气聚中虚则智，气散四肢则朴。
jiexuan-19,jiexuan,zhuan,《兵经百言》,EXACT,1.0,n/a,子藏/兵家/兵经百言.txt,故曰力将当有怯时,,0.0,,故曰力将当有怯时。
jiexuan-20,jiexuan,jin,《兵经百言》,EXACT,1.0,n/a,子藏/兵家/兵经百言.txt,凡用计者非一计之可孤行必有数计以勷之也,,0.0,,凡用计者，非一计之可孤行，必有数计以勷之也。
liushao-1,liushao,bi,《人物志》,EXACT,1.0,n/a,子藏/诸子/人物志.txt,聪明之所贵莫贵乎知人,,0.0,,聪明之所贵，莫贵乎知人。
liushao-2,liushao,jin,《人物志》,EXACT,1.0,n/a,子藏/诸子/人物志.txt,知人诚智则众材得其序而庶绩之业兴矣,,0.0,,知人诚智，则众材得其序，而庶绩之业兴矣。
liushao-3,liushao,zhuan,《人物志》,EXACT,1.0,n/a,子藏/诸子/人物志.txt,君子者小人之师小人者君子之资,,0.0,,君子者小人之师，小人者君子之资。
liushao-4,liushao,bi,《人物志》,EXACT,1.0,n/a,子藏/诸子/人物志.txt,情性性质禀之自然情变由于染习,,0.0,,情性，性质禀之自然，情变由于染习。
liushao-5,liushao,bi,《人物志》,EXACT,1.0,n/a,子藏/诸子/人物志.txt,凡人之质量中和最贵矣,,0.0,,凡人之质量，中和最贵矣。
liushao-6,liushao,bi,《人物志》,EXACT,1.0,n/a,子藏/诸子/人物志.txt,中和者百行之根本人情之良田也,,0.0,,中和者，百行之根本，人情之良田也。
liushao-7,liushao,jin,《人物志》,EXACT,1.0,n/a,子藏/诸子/人物志.txt,观人察质必先察其平淡而后求其聪明,,0.0,,观人察质，必先察其平淡，而后求其聪明。
liushao-8,liushao,jin,《人物志》,EXACT,1.0,n/a,子藏/诸子/人物志.txt,明白之士达动之机而暗于虑,,0.0,,明白之士，达动之机而暗于虑。
liushao-9,liushao,zhuan,《人物志》,EXACT,1.0,n/a,子藏/诸子/人物志.txt,圣人任明白以进趋委守成于虑,,0.0,,圣人任明白以进趋，委守成于虑。
liushao-11,liushao,zhuan,《人物志》,EXACT,1.0,n/a,子藏/诸子/人物志.txt,勇而能怯仁而能决其体两兼,,0.0,,勇而能怯，仁而能决，其体两兼。
liushao-12,liushao,bi,《人物志》,EXACT,1.0,n/a,子藏/诸子/人物志.txt,诚仁必有温柔之色诚勇必有矜奋之色诚智必有明达之色,,0.0,,诚仁必有温柔之色，诚勇必有矜奋之色，诚智必有明达之色。
liushao-13,liushao,bi,《人物志》,EXACT,1.0,n/a,子藏/诸子/人物志.txt,情发于目目为心候,,0.0,,情发于目，目为心候。
liushao-14,liushao,jin,《人物志》,EXACT,1.0,n/a,子藏/诸子/人物志.txt,求贤举善常若不及,,0.0,,求贤举善，常若不及。
liushao-15,liushao,jin,《人物志》,EXACT,1.0,n/a,子藏/诸子/人物志.txt,忠臣竭力而效能明君得贤而高枕,,0.0,,忠臣竭力而效能，明君得贤而高枕。
liushao-16,liushao,jin,《人物志》,EXACT,1.0,n/a,子藏/诸子/人物志.txt,采士饭牛秦穆所以霸西戎一相仲父齐桓所以成九合,,0.0,,采士饭牛，秦穆所以霸西戎；一相仲父，齐桓所以成九合。
liushao-17,liushao,jin,《人物志》,EXACT,1.0,n/a,子藏/诸子/人物志.txt,察其所安观其所由以知居止之行,,0.0,,察其所安，观其所由，以知居止之行。
liushao-18,liushao,jin,《人物志》,EXACT,1.0,n/a,子藏/诸子/人物志.txt,言必契始以要终行必睹初以求卒,,0.0,,言必契始以要终，行必睹初以求卒。
liushao-19,liushao,bi,《人物志》,VERBATIM,1.0,n/a,子藏/诸子/人物志.txt,人情万化不可胜极寻常竟源常在于五故其刚柔明畅贞固之征着乎形容见乎声色发乎情味各如其象,,0.0,,其刚柔明畅贞固之征，着乎情味，各如其象。
liushao-20,liushao,bi,《人物志》,EXACT,1.0,n/a,子藏/诸子/人物志.txt,心质亮直其仪劲固心质休决其仪进猛心质平理其仪安闲,,0.0,,心质亮直，其仪劲固；心质休决，其仪进猛；心质平理，其仪安闲。
kangcangzi-1,kangcangzi,bi,《亢仓子》,EXACT,1.0,n/a,子藏/诸子/亢仓子.txt,夫寻常之污巨鱼无所还其体而鲵为之制步仞之丘巨兽无所隐其躯而蘖狐为之祥,,0.0,,夫寻常之污，巨鱼无所还其体，而鲵为之制；步仞之丘，巨兽无所隐其躯，而蘖狐为之祥。
kangcangzi-2,kangcangzi,bi,《亢仓子》,EXACT,1.0,n/a,子藏/诸子/亢仓子.txt,函车之兽介而离山罔罟制之吞舟之鱼荡而失水蝼蚁苦之,,0.0,,函车之兽介而离山，罔罟制之；吞舟之鱼荡而失水，蝼蚁苦之。
kangcangzi-3,kangcangzi,bi,《亢仓子》,EXACT,1.0,n/a,子藏/诸子/亢仓子.txt,故鸟兽居欲其高鱼鳖居欲其深,,0.0,,故鸟兽居欲其高，鱼鳖居欲其深。
kangcangzi-4,kangcangzi,bi,《亢仓子》,EXACT,1.0,n/a,子藏/诸子/亢仓子.txt,圣人之于声色滋味也利于性则取之害于性则捐之此全性之道也,,0.0,,圣人之于声色滋味也，利于性则取之，害于性则捐之，此全性之道也。
kangcangzi-5,kangcangzi,bi,《亢仓子》,EXACT,1.0,n/a,子藏/诸子/亢仓子.txt,万人操弓共射一招招无不中万物章章以害一生生无不伤,,0.0,,万人操弓，共射一招，招无不中；万物章章，以害一生，生无不伤。
kangcangzi-6,kangcangzi,bi,《亢仓子》,EXACT,1.0,n/a,子藏/诸子/亢仓子.txt,神全之人不虑而通不谋而当精照无外志凝宇宙德若天地,,0.0,,神全之人，不虑而通，不谋而当，精照无外，志凝宇宙，德若天地。
kangcangzi-7,kangcangzi,bi,《亢仓子》,EXACT,1.0,n/a,子藏/诸子/亢仓子.txt,天不可信地不可信人不可信心不可信惟道可信,,0.0,,天不可信，地不可信，人不可信，心不可信，惟道可信。
kangcangzi-8,kangcangzi,bi,《亢仓子》,EXACT,1.0,n/a,子藏/诸子/亢仓子.txt,凡人不修其道随其心而师之营欲茂滋灾疾朋衅戕身损寿,,0.0,,凡人不修其道，随其心而师之，营欲茂滋，灾疾朋衅，戕身损寿。
kangcangzi-9,kangcangzi,zhuan,《亢仓子》,EXACT,1.0,n/a,子藏/诸子/亢仓子.txt,天坠非道不能悠久苍生非贤不能靖顺庶政非材不能和理,,0.0,,天坠非道不能悠久，苍生非贤不能靖顺，庶政非材不能和理。
kangcangzi-10,kangcangzi,bi,《亢仓子》,EXACT,1.0,n/a,子藏/诸子/亢仓子.txt,同道者相爱同艺者相嫉,,0.0,,同道者相爱，同艺者相嫉。
kangcangzi-11,kangcangzi,bi,《亢仓子》,EXACT,1.0,n/a,子藏/诸子/亢仓子.txt,同病者相爱同壮者相嫉人情自然也,,0.0,,同病者相爱，同壮者相嫉，人情自然也。
kangcangzi-12,kangcangzi,bi,《亢仓子》,EXACT,1.0,n/a,子藏/诸子/亢仓子.txt,才多而好谦贫贱而不谄处劳而不为辱贵富而益恭勤可谓有德者也,,0.0,,才多而好谦，贫贱而不谄，处劳而不为辱，贵富而益恭勤，可谓有德者也。
kangcangzi-13,kangcangzi,zhuan,《亢仓子》,EXACT,1.0,n/a,子藏/诸子/亢仓子.txt,信全则天下安信失则天下危,,0.0,,信全则天下安，信失则天下危。
kangcangzi-14,kangcangzi,jin,《亢仓子》,EXACT,1.0,n/a,子藏/诸子/亢仓子.txt,人不相信由政之不平也,,0.0,,人不相信，由政之不平也。
kangcangzi-15,kangcangzi,jin,《亢仓子》,EXACT,1.0,n/a,子藏/诸子/亢仓子.txt,政之不平吏之罪也,,0.0,,政之不平，吏之罪也。
kangcangzi-16,kangcangzi,jin,《亢仓子》,EXACT,1.0,n/a,子藏/诸子/亢仓子.txt,刑赏不齐主不勤明也,,0.0,,刑赏不齐，主不勤明也。
kangcangzi-17,kangcangzi,jin,《亢仓子》,EXACT,1.0,n/a,子藏/诸子/亢仓子.txt,夫主勤明则刑赏一刑赏一则吏奉法吏奉法则政下宣政下宣则民得其所而交相信矣,,0.0,,夫主勤明则刑赏一，刑赏一则吏奉法，吏奉法则政下宣，政下宣则民得其所而交相信矣。
kangcangzi-18,kangcangzi,jin,《亢仓子》,EXACT,1.0,n/a,子藏/诸子/亢仓子.txt,尊贤事能饷善就利,,0.0,,尊贤事能，饷善就利。
kangcangzi-19,kangcangzi,bi,《亢仓子》,EXACT,1.0,n/a,子藏/诸子/亢仓子.txt,全其形生之人藏其身也亦不厌深眇而已,,0.0,,全其形生之人，藏其身也，亦不厌深眇而已。
kangcangzi-20,kangcangzi,bi,《亢仓子》,VERBATIM,0.95,n/a,子藏/诸子/亢仓子.txt,俯拾仰取钱心锥撮力思搏精希求利润贾竖之道也咽气谷神宰思损虑超遥轻举日精炼仙高土之道也专情耑想毕志所事伦揆忘寝,,0.0,,咽气谷神，宰思损虑，超遥轻举，日精炼仙，高士之道也。
shijiao-1,shijiao,jin,《尸子》,EXACT,1.0,n/a,子藏/诸子/尸子.txt,教不厌所以治人也,,0.0,,教不厌，所以治人也。
shijiao-2,shijiao,bi,《尸子》,EXACT,1.0,n/a,子藏/诸子/尸子.txt,今人皆知砺其剑而弗知砺其身,,0.0,,今人皆知砺其剑，而弗知砺其身。
shijiao-3,shijiao,zhuan,《尸子》,EXACT,1.0,n/a,子藏/诸子/尸子.txt,车唯恐地之不坚也舟唯恐水之不深也,,0.0,,车唯恐地之不坚也，舟唯恐水之不深也。
shijiao-4,shijiao,jin,《尸子》,EXACT,1.0,n/a,子藏/诸子/尸子.txt,有其器则以人之难为易,,0.0,,有其器，则以人之难为易。
shijiao-5,shijiao,bi,《尸子》,EXACT,1.0,n/a,子藏/诸子/尸子.txt,故曾子曰父母爱之喜而不忘父母恶之惧而无咎,,0.0,,故曾子曰：父母爱之，喜而不忘；父母恶之，惧而无咎。
shijiao-6,shijiao,jin,《尸子》,EXACT,1.0,n/a,子藏/诸子/尸子.txt,夫比粟商贾比财烈士比义,,0.0,,夫比粟商贾，比财烈士，比义。
shijiao-7,shijiao,zhuan,《尸子》,EXACT,1.0,n/a,子藏/诸子/尸子.txt,人君贵于一国而不达于天下天子贵于一世而不达于后世惟德行与天地相弊也,,0.0,,人君贵于一国而不达于天下，天子贵于一世而不达于后世，惟德行与天地相弊也。
shijiao-8,shijiao,bi,《尸子》,EXACT,1.0,n/a,子藏/诸子/尸子.txt,所谓良人者良其行也,,0.0,,所谓良人者，良其行也。
shijiao-9,shijiao,jin,《尸子》,EXACT,1.0,n/a,子藏/诸子/尸子.txt,居则视其所亲富则视其所与达则视其所举穷则视其所不为贫则视其所不取此五者足以观矣,,0.0,,居则视其所亲，富则视其所与，达则视其所举，穷则视其所不为，贫则视其所不取，此五者足以观矣。
shijiao-10,shijiao,bi,《尸子》,EXACT,1.0,n/a,子藏/诸子/尸子.txt,土积成岳则楩楠豫章生焉水积成川则吞舟之鱼生焉,,0.0,,土积成岳，则楩楠豫章生焉；水积成川，则吞舟之鱼生焉。
shijiao-11,shijiao,zhuan,《尸子》,EXACT,1.0,n/a,子藏/诸子/尸子.txt,夫茧舍而不治则腐蠹而弃使女工缫之以为美锦大君服而朝之,,0.0,,夫茧舍而不治，则腐蠹而弃，使女工缫之以为美锦，大君服而朝之。
shijiao-12,shijiao,jin,《尸子》,VERBATIM,0.96,n/a,子藏/诸子/尸子.txt,工缫之以为美锦大君服而朝之身者茧也舍而不治则知行腐蠹使贤者教之以为世士则天下诸侯莫敢不敬是故子路卞之野人子贡卫之贾人颜涿聚盗也颛,,0.0,,舍而不治，则成腐蠹；使贤者教之以为世士，则天下诸侯莫敢不敬。
shijiao-13,shijiao,jin,《尸子》,VERBATIM,1.0,n/a,子藏/诸子/尸子.txt,则知行腐蠹使贤者教之以为世士则天下诸侯莫敢不敬是故子路卞之野人子贡卫之贾人颜涿聚盗也颛孙师驵也孔子教之皆为显士夫学譬之犹砺也,,0.0,,子路，卞之野人；子贡，卫之贾人；颜涿聚，盗也，孔子教之，皆为显士。
shijiao-14,shijiao,zhuan,《尸子》,EXACT,1.0,n/a,子藏/诸子/尸子.txt,爱恶亲疏废兴穷达皆可以成义有其器也,,0.0,,爱恶亲疏废兴穷达，皆可以成义，有其器也。
shijiao-15,shijiao,zhuan,《尸子》,EXACT,1.0,n/a,子藏/诸子/尸子.txt,有其器则以人之难为易夫道以人之难为易也,,0.0,,有其器则以人之难为易，夫道以人之难为易也。
shijiao-16,shijiao,zhuan,《尸子》,EXACT,1.0,n/a,子藏/诸子/尸子.txt,夫贱之工人施巧人主服而朝也,,0.0,,夫贱之工人施巧，人主服而朝也。
shijiao-17,shijiao,bi,《尸子》,EXACT,1.0,n/a,子藏/诸子/尸子.txt,爵列者德行之舍也,,0.0,,爵列者，德行之舍也。
shijiao-18,shijiao,bi,《尸子》,EXACT,1.0,n/a,子藏/诸子/尸子.txt,良其行而贵其心,,0.0,,良其行而贵其心。
shijiao-19,shijiao,bi,《尸子》,EXACT,1.0,n/a,子藏/诸子/尸子.txt,君亲而近之至敬以逊貌而疏之敬无怨,,0.0,,君亲而近之，至敬以逊；貌而疏之，敬无怨。
shijiao-20,shijiao,bi,《尸子》,EXACT,1.0,n/a,子藏/诸子/尸子.txt,自娱于櫽括之中直己而不直人,,0.0,,自娱于櫽括之中，直己而不直人。
liushao-10,liushao,zhuan,《人物志》,EXACT,1.0,n/a,子藏/诸子/人物志.txt,能勇而不能怯动必悔吝随之,,0.0,,能勇而不能怯，动必悔吝随之。
shenzi-1,shenzi,bi,《慎子》,EXACT,1.0,n/a,子藏/诸子/慎子.txt,圣人有德不忧人之危也,,0.0,,圣人有德，不忧人之危也。
shenzi-2,shenzi,bi,《慎子》,EXACT,1.0,n/a,子藏/诸子/慎子.txt,圣人处上能无害人不能使人无己害也,,0.0,,圣人处上，能无害人，不能使人无己害也。
shenzi-3,shenzi,zhuan,《慎子》,EXACT,1.0,n/a,子藏/诸子/慎子.txt,故贤而屈于不肖者权轻也不肖而服于贤者位尊也,,0.0,,故贤而屈于不肖者，权轻也；不肖而服于贤者，位尊也。
shenzi-4,shenzi,jin,《慎子》,EXACT,1.0,n/a,子藏/诸子/慎子.txt,无名而断者权重也,,0.0,,无名而断者，权重也。
shenzi-5,shenzi,zhuan,《慎子》,EXACT,1.0,n/a,子藏/诸子/慎子.txt,弩弱而矰高者乘于风也,,0.0,,弩弱而矰高者，乘于风也。
shenzi-6,shenzi,jin,《慎子》,EXACT,1.0,n/a,子藏/诸子/慎子.txt,身不肖而令行者得助于众也,,0.0,,身不肖而令行者，得助于众也。
shenzi-7,shenzi,jin,《慎子》,EXACT,1.0,n/a,子藏/诸子/慎子.txt,国无常道官无常法,,0.0,,国无常道，官无常法。
shenzi-8,shenzi,zhuan,《慎子》,EXACT,1.0,n/a,子藏/诸子/慎子.txt,立天子以为天下非立天下以为天子也,,0.0,,立天子以为天下，非立天下以为天子也。
shenzi-9,shenzi,jin,《慎子》,EXACT,1.0,n/a,子藏/诸子/慎子.txt,法虽不善犹愈于无法所以一人心也,,0.0,,法虽不善，犹愈于无法，所以一人心也。
shenzi-10,shenzi,zhuan,《慎子》,EXACT,1.0,n/a,子藏/诸子/慎子.txt,故蓍龟所以立公识也权衡所以立公正也书契所以立公信也度量所以立公审也法制礼籍所以立公义也,,0.0,,故蓍龟所以立公识也，权衡所以立公正也，书契所以立公信也，度量所以立公审也，法制礼籍所以立公义也。
shenzi-11,shenzi,bi,《慎子》,EXACT,1.0,n/a,子藏/诸子/慎子.txt,凡立公所以弃私也,,0.0,,凡立公，所以弃私也。
shenzi-12,shenzi,jin,《慎子》,EXACT,1.0,n/a,子藏/诸子/慎子.txt,用人之自为不用人之为我则莫不可得而用矣,,0.0,,用人之自为，不用人之为我，则莫不可得而用矣。
shenzi-13,shenzi,bi,《慎子》,EXACT,1.0,n/a,子藏/诸子/慎子.txt,大君因民之能为资尽包而畜之无能去取焉,,0.0,,大君因民之能为资，尽包而畜之，无能去取焉。
shenzi-14,shenzi,bi,《慎子》,EXACT,1.0,n/a,子藏/诸子/慎子.txt,大君不择其下故足不择其下则易为下矣,,0.0,,大君不择其下，故足；不择其下，则易为下矣。
shenzi-15,shenzi,bi,《慎子》,VERBATIM,1.0,n/a,子藏/诸子/慎子.txt,要又有注云言事其所事而君无事原刻此下有也字依治要删君逸乐而臣任劳臣尽智力以善其事而君无与焉仰成而巳故事无不治原刻脱故字依治要,,0.0,,君逸乐而臣任劳，臣尽智力以善其事，而君无与焉，故事无不治。
shenzi-16,shenzi,jin,《慎子》,EXACT,1.0,n/a,子藏/诸子/慎子.txt,人君自任而躬事则臣不事事是君臣易位也,,0.0,,人君自任而躬事，则臣不事事，是君臣易位也。
shenzi-17,shenzi,jin,《慎子》,EXACT,1.0,n/a,子藏/诸子/慎子.txt,以道变法者君长也,,0.0,,以道变法者，君长也。
shenzi-18,shenzi,jin,《慎子》,EXACT,1.0,n/a,子藏/诸子/慎子.txt,积兔满市过而不顾非不欲兔也,,0.0,,积兔满市，过而不顾，非不欲兔也。
shenzi-19,shenzi,jin,《慎子》,EXACT,1.0,n/a,子藏/诸子/慎子.txt,分已定人虽鄙不争,,0.0,,分已定，人虽鄙不争。
shenzi-20,shenzi,jin,《慎子》,EXACT,1.0,n/a,子藏/诸子/慎子.txt,治国无其法则乱守法而不变则衰,,0.0,,治国无其法则乱，守法而不变则衰。
wangyuyou-1,wangyuyou,zhuan,《乾坤大略》,EXACT,1.0,n/a,子藏/兵家/乾坤大略.txt,贵进取贵疾速进取则势张疾速则机得,,0.0,,贵进取，贵疾速；进取则势张，疾速则机得。
wangyuyou-2,wangyuyou,jin,《乾坤大略》,EXACT,1.0,n/a,子藏/兵家/乾坤大略.txt,所向又以敌之强弱为准,,0.0,,所向又以敌之强弱为准。
wangyuyou-3,wangyuyou,jin,《乾坤大略》,EXACT,1.0,n/a,子藏/兵家/乾坤大略.txt,避实而击虚也,,0.0,,避实而击虚也。
wangyuyou-4,wangyuyou,jin,《乾坤大略》,EXACT,1.0,n/a,子藏/兵家/乾坤大略.txt,避实击虚则敌骇不及图如自天而下,,0.0,,避实击虚，则敌骇不及图，如自天而下。
wangyuyou-5,wangyuyou,jin,《乾坤大略》,EXACT,1.0,n/a,子藏/兵家/乾坤大略.txt,兵进必有奇道,,0.0,,兵进必有奇道。
wangyuyou-6,wangyuyou,jin,《乾坤大略》,EXACT,1.0,n/a,子藏/兵家/乾坤大略.txt,一阵有一阵之奇道一国有一国之奇道天下有天下之奇道,,0.0,,一阵有一阵之奇道，一国有一国之奇道，天下有天下之奇道。
wangyuyou-7,wangyuyou,zhuan,《乾坤大略》,EXACT,1.0,n/a,子藏/兵家/乾坤大略.txt,有时正可为奇奇亦可为正,,0.0,,有时正可为奇，奇亦可为正。
wangyuyou-8,wangyuyou,jin,《乾坤大略》,EXACT,1.0,n/a,子藏/兵家/乾坤大略.txt,兵进而不识奇道者愚主也,,0.0,,兵进而不识奇道者，愚主也。
wangyuyou-9,wangyuyou,jin,《乾坤大略》,EXACT,1.0,n/a,子藏/兵家/乾坤大略.txt,然则用兵慎勿曰吾兵可以一路直至,,0.0,,然则用兵，慎勿曰吾兵可以一路直至。
wangyuyou-10,wangyuyou,jin,《乾坤大略》,EXACT,1.0,n/a,子藏/兵家/乾坤大略.txt,诚能出其不意一战以挫其锐则敌众丧胆我军气倍,,0.0,,诚能出其不意，一战以挫其锐，则敌众丧胆，我军气倍。
wangyuyou-11,wangyuyou,jin,《乾坤大略》,EXACT,1.0,n/a,子藏/兵家/乾坤大略.txt,所谓一战而定天下其在斯乎,,0.0,,所谓一战而定天下，其在斯乎。
wangyuyou-12,wangyuyou,jin,《乾坤大略》,EXACT,1.0,n/a,子藏/兵家/乾坤大略.txt,兵固有先声而后实者此之谓也,,0.0,,兵固有先声而后实者，此之谓也。
wangyuyou-13,wangyuyou,zhuan,《乾坤大略》,EXACT,1.0,n/a,子藏/兵家/乾坤大略.txt,胜则人慑吾威而庇吾势,,0.0,,胜则人慑吾威而庇吾势。
wangyuyou-14,wangyuyou,jin,《乾坤大略》,EXACT,1.0,n/a,子藏/兵家/乾坤大略.txt,夫以深入重地之师计必制敌之死命而留中梗以贻后患岂良图哉,,0.0,,夫以深入重地之师，计必制敌之死命，而留中梗以贻后患，岂良图哉。
wangyuyou-15,wangyuyou,jin,《乾坤大略》,EXACT,1.0,n/a,子藏/兵家/乾坤大略.txt,古恒有军既全胜而一城扼险制吾首尾几覆大业者皆由于谋之不早也,,0.0,,古恒有军既全胜，而一城扼险制吾首尾几覆大业者，皆由于谋之不早也。
wangyuyou-16,wangyuyou,bi,《乾坤大略》,EXACT,1.0,n/a,子藏/兵家/乾坤大略.txt,师之所处荆棘生焉,,0.0,,师之所处，荆棘生焉。
wangyuyou-17,wangyuyou,zhuan,《乾坤大略》,EXACT,1.0,n/a,子藏/兵家/乾坤大略.txt,克敌在勿欲速,,0.0,,克敌在勿欲速。
wangyuyou-18,wangyuyou,jin,《乾坤大略》,EXACT,1.0,n/a,子藏/兵家/乾坤大略.txt,故欲克敌者强其势厚其力谨其制利其器,,0.0,,故欲克敌者，强其势，厚其力，谨其制，利其器。
wangyuyou-19,wangyuyou,jin,《乾坤大略》,EXACT,1.0,n/a,子藏/兵家/乾坤大略.txt,然后堂堂阵正正旗声罪致讨而施戎索乃全胜之术也,,0.0,,然后堂堂阵，正正旗，声罪致讨，而施戎索，乃全胜之术也。
wangyuyou-20,wangyuyou,zhuan,《乾坤大略》,EXACT,1.0,n/a,子藏/兵家/乾坤大略.txt,江南脆弱谁不闻之然迹其所以胜不在强弱也顾人之运用何如耳,,0.0,,江南脆弱，谁不闻之；然迹其所以胜，不在强弱也，顾人之运用何如耳。
zihuazi-1,zihuazi,bi,《子华子》,EXACT,1.0,n/a,子藏/诸子/子华子.txt,中和玄同万物化生,,0.0,,中和玄同，万物化生。
zihuazi-3,zihuazi,bi,《子华子》,EXACT,1.0,n/a,子藏/诸子/子华子.txt,辱莫大于不义不义者迫生也,,0.0,,辱莫大于不义，不义者迫生也。
zihuazi-4,zihuazi,bi,《子华子》,EXACT,1.0,n/a,子藏/诸子/子华子.txt,故曰迫生不如死,,0.0,,故曰迫生不如死。
zihuazi-5,zihuazi,bi,《子华子》,EXACT,1.0,n/a,子藏/诸子/子华子.txt,类同则形同形同则气同气同则知识同矣,,0.0,,类同则形同，形同则气同，气同则知识同矣。
zihuazi-6,zihuazi,bi,《子华子》,EXACT,1.0,n/a,子藏/诸子/子华子.txt,类异则形异形异则气异气异则知识异矣,,0.0,,类异则形异，形异则气异，气异则知识异矣。
zihuazi-7,zihuazi,bi,《子华子》,EXACT,1.0,n/a,子藏/诸子/子华子.txt,夫是之谓万化原,,0.0,,夫是之谓万化原。
zihuazi-8,zihuazi,bi,《子华子》,EXACT,1.0,n/a,子藏/诸子/子华子.txt,故道立于一而万物之变也,,0.0,,故道立于一，而万物之变也。
zihuazi-9,zihuazi,bi,《子华子》,EXACT,1.0,n/a,子藏/诸子/子华子.txt,古之知道者务全其生务全其生者不亡其所有也,,0.0,,古之知道者务全其生，务全其生者不亡其所有也。
zihuazi-10,zihuazi,bi,《子华子》,EXACT,1.0,n/a,子藏/诸子/子华子.txt,不亡其所有者道之守也道之守者神之舍也,,0.0,,不亡其所有者，道之守也；道之守者，神之舍也。
zihuazi-11,zihuazi,bi,《子华子》,EXACT,1.0,n/a,子藏/诸子/子华子.txt,所谓全生者六欲皆得其宜也,,0.0,,所谓全生者，六欲皆得其宜也。
zihuazi-12,zihuazi,bi,《子华子》,EXACT,1.0,n/a,子藏/诸子/子华子.txt,所谓迫生者六欲莫得其宜也,,0.0,,所谓迫生者，六欲莫得其宜也。
zihuazi-13,zihuazi,bi,《子华子》,EXACT,1.0,n/a,子藏/诸子/子华子.txt,目见所甚不欲不如无见,,0.0,,目见所甚不欲，不如无见。
zihuazi-14,zihuazi,bi,《子华子》,EXACT,1.0,n/a,子藏/诸子/子华子.txt,直言者直以情贡也曲言者假以指喻也,,0.0,,直言者，直以情贡也；曲言者，假以指喻也。
zihuazi-15,zihuazi,jin,《子华子》,EXACT,1.0,n/a,子藏/诸子/子华子.txt,七十九代之君法制不一号令不齐而俱王于天下,,0.0,,七十九代之君，法制不一，号令不齐，而俱王于天下。
zihuazi-16,zihuazi,zhuan,《子华子》,EXACT,1.0,n/a,子藏/诸子/子华子.txt,精诚不白则无以王矣,,0.0,,精诚不白，则无以王矣。
zihuazi-17,zihuazi,zhuan,《子华子》,EXACT,1.0,n/a,子藏/诸子/子华子.txt,是以欲治之君将以有为于是者必先正其本术定其精而不摇保其诚而弗亏,,0.0,,是以欲治之君，将以有为于是者，必先正其本术，定其精而不摇，保其诚而弗亏。
zihuazi-18,zihuazi,bi,《子华子》,EXACT,1.0,n/a,子藏/诸子/子华子.txt,物类相动焱本相应孰究其所以来谁使其所以然因其然也,,0.0,,物类相动，焱本相应，孰究其所以来，谁使其所以然，因其然也。
zihuazi-19,zihuazi,bi,《子华子》,EXACT,1.0,n/a,子藏/诸子/子华子.txt,其亏弥甚则其尊弥薄,,0.0,,其亏弥甚，则其尊弥薄。
zihuazi-20,zihuazi,bi,《子华子》,EXACT,1.0,n/a,子藏/诸子/子华子.txt,夫人之大常生而少壮转而为衰老转而为死亡,,0.0,,夫人之大常，生而少壮，转而为衰老，转而为死亡。
zihuazi-2,zihuazi,bi,《子华子》,EXACT,1.0,n/a,子藏/诸子/子华子.txt,故全生者为上亏生次之死次之迫斯为下矣,,0.0,,故全生者为上，亏生次之，死次之，迫斯为下矣。
caolujinglue-1,caolujinglue,jin,《草庐经略》,EXACT,1.0,n/a,子藏/兵家/草庐经略.txt,以不教民战是谓弃之,,0.0,,以不教民战，是谓弃之。
caolujinglue-2,caolujinglue,jin,《草庐经略》,EXACT,1.0,n/a,子藏/兵家/草庐经略.txt,兵无选锋曰北,,0.0,,兵无选锋曰北。
caolujinglue-3,caolujinglue,jin,《草庐经略》,EXACT,1.0,n/a,子藏/兵家/草庐经略.txt,兵务精不务多,,0.0,,兵务精不务多。
caolujinglue-4,caolujinglue,jin,《草庐经略》,EXACT,1.0,n/a,子藏/兵家/草庐经略.txt,故万人可操百人可操虽数人亦可操,,0.0,,故万人可操，百人可操，虽数人亦可操。
caolujinglue-5,caolujinglue,jin,《草庐经略》,EXACT,1.0,n/a,子藏/兵家/草庐经略.txt,操其技艺使之精熟操其耳目使之不惊操其心志使之不乱操其胆气使之外不畏敌内不爱身,,0.0,,操其技艺使之精熟，操其耳目使之不惊，操其心志使之不乱，操其胆气使之外不畏敌、内不爱身。
caolujinglue-6,caolujinglue,zhuan,《草庐经略》,EXACT,1.0,n/a,子藏/兵家/草庐经略.txt,善师者不阵善阵者不战,,0.0,,善师者不阵，善阵者不战。
caolujinglue-7,caolujinglue,jin,《草庐经略》,EXACT,1.0,n/a,子藏/兵家/草庐经略.txt,若区区依古阵法以求胜愚将也,,0.0,,若区区依古阵法以求胜，愚将也。
caolujinglue-8,caolujinglue,jin,《草庐经略》,EXACT,1.0,n/a,子藏/兵家/草庐经略.txt,夫阵亦何常之有而可拘泥为哉,,0.0,,夫阵亦何常之有，而可拘泥为哉。
caolujinglue-9,caolujinglue,zhuan,《草庐经略》,EXACT,1.0,n/a,子藏/兵家/草庐经略.txt,所谓阵者不泥法而法自在,,0.0,,所谓阵者，不泥法而法自在。
caolujinglue-10,caolujinglue,jin,《草庐经略》,EXACT,1.0,n/a,子藏/兵家/草庐经略.txt,故吾使兵识将意将识士情投之所往如臂使指兵将相习人自为战,,0.0,,故吾使兵识将意，将识士情，投之所往，如臂使指，兵将相习，人自为战。
caolujinglue-11,caolujinglue,jin,《草庐经略》,EXACT,1.0,n/a,子藏/兵家/草庐经略.txt,凡为战阵先立家计家计既固则可以胜不可以败,,0.0,,凡为战阵，先立家计；家计既固，则可以胜不可以败。
caolujinglue-12,caolujinglue,jin,《草庐经略》,EXACT,1.0,n/a,子藏/兵家/草庐经略.txt,攻不必取不苟出师战不必胜不苟接刃,,0.0,,攻不必取，不苟出师；战不必胜，不苟接刃。
caolujinglue-13,caolujinglue,jin,《草庐经略》,EXACT,1.0,n/a,子藏/兵家/草庐经略.txt,任贤一贤可退千里之敌一士强于十万之师,,0.0,,任贤，一贤可退千里之敌，一士强于十万之师。
caolujinglue-14,caolujinglue,jin,《草庐经略》,EXACT,1.0,n/a,子藏/兵家/草庐经略.txt,主将务揽英雄之心三略首语也,,0.0,,主将务揽英雄之心，《三略》首语也。
caolujinglue-15,caolujinglue,jin,《草庐经略》,EXACT,1.0,n/a,子藏/兵家/草庐经略.txt,将军三军疴痒相关三军与将生死共命者也,,0.0,,将军三军疴痒相关，三军与将生死共命者也。
caolujinglue-16,caolujinglue,jin,《草庐经略》,EXACT,1.0,n/a,子藏/兵家/草庐经略.txt,为将者必使三军畏我而侮敌,,0.0,,为将者必使三军畏我而侮敌。
caolujinglue-17,caolujinglue,zhuan,《草庐经略》,EXACT,1.0,n/a,子藏/兵家/草庐经略.txt,必胜在乎死战死战在知必死,,0.0,,必胜在乎死战，死战在知必死。
caolujinglue-18,caolujinglue,jin,《草庐经略》,EXACT,1.0,n/a,子藏/兵家/草庐经略.txt,小犯则宥大犯则诛无心之犯则宥有心之犯则诛,,0.0,,小犯则宥，大犯则诛；无心之犯则宥，有心之犯则诛。
caolujinglue-19,caolujinglue,jin,《草庐经略》,EXACT,1.0,n/a,子藏/兵家/草庐经略.txt,赏不逾时,,0.0,,赏不逾时。
caolujinglue-20,caolujinglue,jin,《草庐经略》,EXACT,1.0,n/a,子藏/兵家/草庐经略.txt,杀一人而三军震者杀之也,,0.0,,杀一人而三军震者，杀之也。
shangzi-1,shangzi,jin,《商君书》,EXACT,1.0,n/a,子藏/法家/商子.txt,疑行无成疑事无功,,0.0,,疑行无成，疑事无功。
shangzi-2,shangzi,zhuan,《商君书》,EXACT,1.0,n/a,子藏/法家/商子.txt,三代不同礼而王五霸不同法而霸,,0.0,,三代不同礼而王，五霸不同法而霸。
shangzi-3,shangzi,jin,《商君书》,EXACT,1.0,n/a,子藏/法家/商子.txt,知者作法而愚者制焉贤者更礼而不肖者拘焉,,0.0,,知者作法，而愚者制焉；贤者更礼，而不肖者拘焉。
shangzi-4,shangzi,jin,《商君书》,EXACT,1.0,n/a,子藏/法家/商子.txt,治世不一道便国不必法古,,0.0,,治世不一道，便国不必法古。
shangzi-5,shangzi,zhuan,《商君书》,EXACT,1.0,n/a,子藏/法家/商子.txt,反古者未必可非循礼者未足多是也,,0.0,,反古者未必可非，循礼者未足多是也。
shangzi-6,shangzi,bi,《商君书》,EXACT,1.0,n/a,子藏/法家/商子.txt,穷巷多怪曲学多辩愚者之笑智者哀焉,,0.0,,穷巷多怪，曲学多辩，愚者之笑，智者哀焉。
shangzi-7,shangzi,jin,《商君书》,EXACT,1.0,n/a,子藏/法家/商子.txt,凡人主之所以劝民者官爵也国之所以兴者农战也,,0.0,,凡人主之所以劝民者，官爵也；国之所以兴者，农战也。
shangzi-8,shangzi,jin,《商君书》,EXACT,1.0,n/a,子藏/法家/商子.txt,国待农战而安主待农战而尊,,0.0,,国待农战而安，主待农战而尊。
shangzi-9,shangzi,jin,《商君书》,EXACT,1.0,n/a,子藏/法家/商子.txt,常官则国治壹务则国富,,0.0,,常官则国治，壹务则国富。
shangzi-10,shangzi,jin,《商君书》,EXACT,1.0,n/a,子藏/法家/商子.txt,民朴壹则官爵不可巧而取也,,0.0,,民朴壹则官爵不可巧而取也。
shangzi-11,shangzi,jin,《商君书》,EXACT,1.0,n/a,子藏/法家/商子.txt,夫曲主虑私非国利也,,0.0,,夫曲主虑私，非国利也。
shangzi-12,shangzi,jin,《商君书》,EXACT,1.0,n/a,子藏/法家/商子.txt,王道作外身作壹而已矣,,0.0,,王道作外，身作壹而已矣。
shangzi-13,shangzi,jin,《商君书》,EXACT,1.0,n/a,子藏/法家/商子.txt,禄厚而税多食口众者败农者也,,0.0,,禄厚而税多，食口众者，败农者也。
shangzi-14,shangzi,jin,《商君书》,EXACT,1.0,n/a,子藏/法家/商子.txt,重刑而连其罪则褊急之民不斗很刚之民不讼怠惰之民不游费资之民不作巧谀恶心之民无变也,,0.0,,重刑而连其罪，则褊急之民不斗，很刚之民不讼，怠惰之民不游，费资之民不作，巧谀恶心之民无变也。
shangzi-15,shangzi,jin,《商君书》,EXACT,1.0,n/a,子藏/法家/商子.txt,五民者不生于境内则草必垦矣,,0.0,,五民者不生于境内，则草必垦矣。
shangzi-16,shangzi,jin,《商君书》,EXACT,1.0,n/a,子藏/法家/商子.txt,农战之民千人而有诗书辩慧者一人焉千人者皆怠于农战矣,,0.0,,农战之民千人，而有诗书辩慧者一人焉，千人者皆怠于农战矣。
shangzi-17,shangzi,jin,《商君书》,EXACT,1.0,n/a,子藏/法家/商子.txt,今民求官爵皆不以农战而以巧言虚道此谓劳民,,0.0,,今民求官爵皆不以农战，而以巧言虚道，此谓劳民。
shangzi-18,shangzi,jin,《商君书》,EXACT,1.0,n/a,子藏/法家/商子.txt,善为国者仓廪虽满不偷于农国大民众不淫于言,,0.0,,善为国者仓廪虽满，不偷于农；国大民众，不淫于言。
shangzi-19,shangzi,jin,《商君书》,EXACT,1.0,n/a,子藏/法家/商子.txt,国去言则民朴民朴则不淫,,0.0,,国去言则民朴，民朴则不淫。
shangzi-20,shangzi,bi,《商君书》,EXACT,1.0,n/a,子藏/法家/商子.txt,今为国者多无要,,0.0,,今为国者多无要。
wenzhongzi-1,wenzhongzi,jin,《中说》,EXACT,1.0,n/a,子藏/诸子/文中子中说.txt,天下无赏罚三百载矣,,0.0,,天下无赏罚，三百载矣。
wenzhongzi-2,wenzhongzi,zhuan,《中说》,EXACT,1.0,n/a,子藏/诸子/文中子中说.txt,圣人达而赏罚行圣人穷而褒贬作,,0.0,,圣人达而赏罚行，圣人穷而褒贬作。
wenzhongzi-3,wenzhongzi,bi,《中说》,EXACT,1.0,n/a,子藏/诸子/文中子中说.txt,顺之则吉逆之则凶,,0.0,,顺之则吉，逆之则凶。
wenzhongzi-4,wenzhongzi,jin,《中说》,EXACT,1.0,n/a,子藏/诸子/文中子中说.txt,今言政而不及化是天下无礼也,,0.0,,今言政而不及化，是天下无礼也。
wenzhongzi-5,wenzhongzi,zhuan,《中说》,EXACT,1.0,n/a,子藏/诸子/文中子中说.txt,或安而行之或利而行之或畏而行之及其成功一也,,0.0,,或安而行之，或利而行之，或畏而行之，及其成功一也。
wenzhongzi-6,wenzhongzi,jin,《中说》,EXACT,1.0,n/a,子藏/诸子/文中子中说.txt,小人不激不励不见利不劝,,0.0,,小人不激不励，不见利不劝。
wenzhongzi-7,wenzhongzi,jin,《中说》,EXACT,1.0,n/a,子藏/诸子/文中子中说.txt,兵卫少而征求寡也,,0.0,,兵卫少而征求寡也。
wenzhongzi-8,wenzhongzi,jin,《中说》,EXACT,1.0,n/a,子藏/诸子/文中子中说.txt,悠悠素餐者天下皆是王道从何而兴乎,,0.0,,悠悠素餐者，天下皆是，王道从何而兴乎。
wenzhongzi-9,wenzhongzi,bi,《中说》,EXACT,1.0,n/a,子藏/诸子/文中子中说.txt,夫子得志于朝廷有不言之化不杀之严矣,,0.0,,夫子得志于朝廷，有不言之化、不杀之严矣。
wenzhongzi-10,wenzhongzi,jin,《中说》,EXACT,1.0,n/a,子藏/诸子/文中子中说.txt,三纲五常自可出也,,0.0,,三纲五常，自可出也。
wenzhongzi-11,wenzhongzi,bi,《中说·序》,EXACT,1.0,n/a,子藏/诸子/文中子中说.txt,上不荡于虚无下不局于器用惟变所适惟义所在此中之大略也,,0.0,,上不荡于虚无，下不局于器用，惟变所适，惟义所在，此中之大略也。
wenzhongzi-12,wenzhongzi,bi,《中说》,EXACT,1.0,n/a,子藏/诸子/文中子中说.txt,天道则简而功密矣,,0.0,,天道则简而功密矣。
wenzhongzi-13,wenzhongzi,bi,《中说》,EXACT,1.0,n/a,子藏/诸子/文中子中说.txt,乐天知命吾何忧穷理尽性吾何疑,,0.0,,乐天知命，吾何忧；穷理尽性，吾何疑。
wenzhongzi-14,wenzhongzi,bi,《中说》,EXACT,1.0,n/a,子藏/诸子/文中子中说.txt,道之不胜时久矣,,0.0,,道之不胜时，久矣。
wenzhongzi-15,wenzhongzi,bi,《中说》,EXACT,1.0,n/a,子藏/诸子/文中子中说.txt,六国之弊亡秦之酷吾不忍闻也,,0.0,,六国之弊，亡秦之酷，吾不忍闻也。
wenzhongzi-16,wenzhongzi,bi,《中说》,EXACT,1.0,n/a,子藏/诸子/文中子中说.txt,生民厌乱久矣,,0.0,,生民厌乱久矣。
wenzhongzi-17,wenzhongzi,bi,《中说》,EXACT,1.0,n/a,子藏/诸子/文中子中说.txt,封禅之费非古也徒以夸天下其秦汉之侈心乎,,0.0,,封禅之费，非古也，徒以夸天下，其秦汉之侈心乎。
wenzhongzi-18,wenzhongzi,jin,《中说》,EXACT,1.0,n/a,子藏/诸子/文中子中说.txt,化至九变王道其明乎,,0.0,,化至九变，王道其明乎。
wenzhongzi-19,wenzhongzi,zhuan,《中说》,EXACT,1.0,n/a,子藏/诸子/文中子中说.txt,天命不于常惟归乃有德,,0.0,,天命不于常，惟归乃有德。
wenzhongzi-20,wenzhongzi,bi,《中说》,EXACT,1.0,n/a,子藏/诸子/文中子中说.txt,周孔之道其神之所为乎,,0.0,,周孔之道，其神之所为乎。
yinwenzi-2,yinwenzi,bi,《尹文子》,EXACT,1.0,n/a,子藏/诸子/尹文子.txt,有形者必有名有名者未必有形,,0.0,,有形者必有名，有名者未必有形。
yinwenzi-3,yinwenzi,jin,《尹文子》,EXACT,1.0,n/a,子藏/诸子/尹文子.txt,名有三科法有四呈,,0.0,,名有三科，法有四呈。
yinwenzi-4,yinwenzi,jin,《尹文子》,EXACT,1.0,n/a,子藏/诸子/尹文子.txt,故名以正形,,0.0,,故名以正形。
yinwenzi-5,yinwenzi,zhuan,《尹文子》,EXACT,1.0,n/a,子藏/诸子/尹文子.txt,善名命善恶名命恶,,0.0,,善名命善，恶名命恶。
yinwenzi-6,yinwenzi,jin,《尹文子》,EXACT,1.0,n/a,子藏/诸子/尹文子.txt,名称者别彼此而检虚实者也,,0.0,,名称者，别彼此而检虚实者也。
yinwenzi-7,yinwenzi,zhuan,《尹文子》,EXACT,1.0,n/a,子藏/诸子/尹文子.txt,名分不可相乱也,,0.0,,名分不可相乱也。
yinwenzi-8,yinwenzi,jin,《尹文子》,EXACT,1.0,n/a,子藏/诸子/尹文子.txt,定此名分则万事不乱也,,0.0,,定此名分，则万事不乱也。
yinwenzi-9,yinwenzi,jin,《尹文子》,EXACT,1.0,n/a,子藏/诸子/尹文子.txt,故明主不为治外之理,,0.0,,故明主不为治外之理。
yinwenzi-10,yinwenzi,jin,《尹文子》,EXACT,1.0,n/a,子藏/诸子/尹文子.txt,故所言者不出于名法权术所为者不出于农稼军阵周务而已,,0.0,,故所言者不出于名法权术，所为者不出于农稼军阵周务而已。
yinwenzi-11,yinwenzi,zhuan,《尹文子》,EXACT,1.0,n/a,子藏/诸子/尹文子.txt,为善与众行之为巧与众能之此善之善者巧之巧者也,,0.0,,为善与众行之，为巧与众能之，此善之善者、巧之巧者也。
yinwenzi-12,yinwenzi,jin,《尹文子》,EXACT,1.0,n/a,子藏/诸子/尹文子.txt,所贵圣人之治不贵其独治贵其能与众共治,,0.0,,所贵圣人之治，不贵其独治，贵其能与众共治。
yinwenzi-13,yinwenzi,zhuan,《尹文子》,EXACT,1.0,n/a,子藏/诸子/尹文子.txt,雉兔在野众人逐之分未定也,,0.0,,雉兔在野，众人逐之，分未定也。
yinwenzi-14,yinwenzi,bi,《尹文子》,EXACT,1.0,n/a,子藏/诸子/尹文子.txt,道行于世则贫贱者不怨富贵者不骄,,0.0,,道行于世，则贫贱者不怨，富贵者不骄。
yinwenzi-15,yinwenzi,jin,《尹文子》,EXACT,1.0,n/a,子藏/诸子/尹文子.txt,法行于世则贫贱者不敢怨富贵富贵者不敢陵贫贱,,0.0,,法行于世，则贫贱者不敢怨富贵，富贵者不敢陵贫贱。
yinwenzi-16,yinwenzi,zhuan,《尹文子》,EXACT,1.0,n/a,子藏/诸子/尹文子.txt,仁以道之义以宜之礼以行之乐以和之名以正之法以齐之刑以威之赏以劝之,,0.0,,仁以道之，义以宜之，礼以行之，乐以和之，名以正之，法以齐之，刑以威之，赏以劝之。
yinwenzi-17,yinwenzi,jin,《尹文子》,EXACT,1.0,n/a,子藏/诸子/尹文子.txt,凡此八者五帝三王治世之术也,,0.0,,凡此八者，五帝三王治世之术也。
yinwenzi-18,yinwenzi,zhuan,《尹文子》,EXACT,1.0,n/a,子藏/诸子/尹文子.txt,是虽常是有时而不用非虽常非有时而必行,,0.0,,是虽常是，有时而不用；非虽常非，有时而必行。
yinwenzi-19,yinwenzi,jin,《尹文子》,EXACT,1.0,n/a,子藏/诸子/尹文子.txt,人君处权乘势处所是之地则人所不得非也,,0.0,,人君处权乘势，处所是之地，则人所不得非也。
yinwenzi-20,yinwenzi,jin,《尹文子》,EXACT,1.0,n/a,子藏/诸子/尹文子.txt,君宠臣臣爱君公法废私欲行乱国也,,0.0,,君宠臣，臣爱君，公法废，私欲行，乱国也。
yinwenzi-1,yinwenzi,jin,《尹文子》,EXACT,1.0,n/a,子藏/诸子/尹文子.txt,形正由名则名不可差故仲尼云必也正名乎,,0.0,,形正由名，则名不可差；故仲尼云：必也正名乎。
wangzhen-1,wangzhen,zhuan,《道德经论兵要义述》,EXACT,1.0,n/a,子藏/兵家/道德经论兵要义述.txt,忘战则危好战则亡,,0.0,,忘战则危，好战则亡。
wangzhen-2,wangzhen,bi,《道德经论兵要义述》,EXACT,1.0,n/a,子藏/兵家/道德经论兵要义述.txt,争者兵战之源祸乱之本也,,0.0,,争者，兵战之源，祸乱之本也。
wangzhen-3,wangzhen,bi,《道德经论兵要义述》,EXACT,1.0,n/a,子藏/兵家/道德经论兵要义述.txt,夫唯不争则兵革何由而兴战阵何因而列,,0.0,,夫唯不争，则兵革何由而兴，战阵何因而列。
wangzhen-4,wangzhen,bi,《道德经论兵要义述》,EXACT,1.0,n/a,子藏/兵家/道德经论兵要义述.txt,争者人之所甚恶也,,0.0,,争者，人之所甚恶也。
wangzhen-5,wangzhen,zhuan,《道德经论兵要义述》,EXACT,1.0,n/a,子藏/兵家/道德经论兵要义述.txt,圣人用兵之道不以其愠怒也,,0.0,,圣人用兵之道，不以其愠怒也。
wangzhen-6,wangzhen,zhuan,《道德经论兵要义述》,EXACT,1.0,n/a,子藏/兵家/道德经论兵要义述.txt,上德者天下归之上仁者海内归之上义者一国归之上礼者一乡归之,,0.0,,上德者天下归之，上仁者海内归之，上义者一国归之，上礼者一乡归之。
wangzhen-7,wangzhen,jin,《道德经论兵要义述》,EXACT,1.0,n/a,子藏/兵家/道德经论兵要义述.txt,无此四德者人不归也人不归即用兵用兵即危之道也,,0.0,,无此四德者，人不归也；人不归，即用兵；用兵，即危之道也。
wangzhen-8,wangzhen,bi,《道德经论兵要义述》,EXACT,1.0,n/a,子藏/兵家/道德经论兵要义述.txt,故谓不祥之器又曰死地,,0.0,,故谓不祥之器，又曰死地。
wangzhen-9,wangzhen,zhuan,《道德经论兵要义述》,EXACT,1.0,n/a,子藏/兵家/道德经论兵要义述.txt,王者必先务于道德而重用兵也,,0.0,,王者必先务于道德，而重用兵也。
wangzhen-10,wangzhen,bi,《道德经论兵要义述》,EXACT,1.0,n/a,子藏/兵家/道德经论兵要义述.txt,圣人处无为之事行不言之教,,0.0,,圣人处无为之事，行不言之教。
wangzhen-11,wangzhen,bi,《道德经论兵要义述》,EXACT,1.0,n/a,子藏/兵家/道德经论兵要义述.txt,无为之事盖欲令潜运其功阴施其德使百姓日用而不知之此之谓无为也,,0.0,,无为之事，盖欲令潜运其功，阴施其德，使百姓日用而不知之，此之谓无为也。
wangzhen-12,wangzhen,bi,《道德经论兵要义述》,EXACT,1.0,n/a,子藏/兵家/道德经论兵要义述.txt,不言之教盖欲令正身率下而不欲使躬之不逮也,,0.0,,不言之教，盖欲令正身率下，而不欲使躬之不逮也。
wangzhen-13,wangzhen,zhuan,《道德经论兵要义述》,EXACT,1.0,n/a,子藏/兵家/道德经论兵要义述.txt,王者无为于喜怒则刑赏不溢金革不起,,0.0,,王者无为于喜怒，则刑赏不溢，金革不起。
wangzhen-14,wangzhen,bi,《道德经论兵要义述》,EXACT,1.0,n/a,子藏/兵家/道德经论兵要义述.txt,无为于百姓则天下安矣,,0.0,,无为于百姓，则天下安矣。
wangzhen-15,wangzhen,zhuan,《道德经论兵要义述》,EXACT,1.0,n/a,子藏/兵家/道德经论兵要义述.txt,为无为则无不治矣,,0.0,,为无为，则无不治矣。
wangzhen-16,wangzhen,bi,《道德经论兵要义述》,EXACT,1.0,n/a,子藏/兵家/道德经论兵要义述.txt,王者既不责于人则刑罚自然不用矣刑罚不用则兵革自然不兴矣,,0.0,,王者既不责于人，则刑罚自然不用矣；刑罚不用，则兵革自然不兴矣。
wangzhen-17,wangzhen,bi,《道德经论兵要义述》,EXACT,1.0,n/a,子藏/兵家/道德经论兵要义述.txt,多言数穷不如守中,,0.0,,多言数穷，不如守中。
wangzhen-18,wangzhen,zhuan,《道德经论兵要义述》,EXACT,1.0,n/a,子藏/兵家/道德经论兵要义述.txt,上善之兵方之于水,,0.0,,上善之兵，方之于水。
wangzhen-19,wangzhen,jin,《道德经论兵要义述》,EXACT,1.0,n/a,子藏/兵家/道德经论兵要义述.txt,兵者所尚谋虑精微,,0.0,,兵者所尚，谋虑精微。
wangzhen-20,wangzhen,zhuan,《道德经论兵要义述》,EXACT,1.0,n/a,子藏/兵家/道德经论兵要义述.txt,夫无为者戢兵之源不争者息战之本,,0.0,,夫无为者，戢兵之源；不争者，息战之本。
heliangchen-1,heliangchen,jin,《阵纪》,EXACT,1.0,n/a,子藏/兵家/阵纪.txt,募非握机无以合众众非精选无以得用,,0.0,,募非握机无以合众，众非精选无以得用。
heliangchen-2,heliangchen,jin,《阵纪》,VERBATIM,1.0,n/a,子藏/兵家/阵纪.txt,不观其精神是粗砺钝汉耳臣谓能举铁石器而更观其耳目伶俐手足便捷者为中选年齿膂力耳目手足如式而胆艺过者为上选,,0.0,,能举铁石器，更观其耳目伶俐、手足便捷者，为中选。
heliangchen-3,heliangchen,jin,《阵纪》,EXACT,1.0,n/a,子藏/兵家/阵纪.txt,年齿膂力耳目手足如式而胆艺过者为上选,,0.0,,年齿膂力、耳目手足如式而胆艺过者，为上选。
heliangchen-4,heliangchen,jin,《阵纪》,EXACT,1.0,n/a,子藏/兵家/阵纪.txt,重诱以爵赏而使其慕战乐斗也,,0.0,,重诱以爵赏，而使其慕战乐斗也。
heliangchen-5,heliangchen,jin,《阵纪》,EXACT,1.0,n/a,子藏/兵家/阵纪.txt,激发以忠义而启之以怨仇也,,0.0,,激发以忠义，而启之以怨仇也。
heliangchen-6,heliangchen,jin,《阵纪》,EXACT,1.0,n/a,子藏/兵家/阵纪.txt,束伍以致其节因力以授其器信必以服其心分门以教其技,,0.0,,束伍以致其节，因力以授其器，信必以服其心，分门以教其技。
heliangchen-7,heliangchen,jin,《阵纪》,EXACT,1.0,n/a,子藏/兵家/阵纪.txt,士畏我法令乃行矣,,0.0,,士畏我法令，乃行矣。
heliangchen-8,heliangchen,zhuan,《阵纪》,EXACT,1.0,n/a,子藏/兵家/阵纪.txt,人有耻必知进死为荣退生为辱,,0.0,,人有耻，必知进死为荣、退生为辱。
heliangchen-9,heliangchen,jin,《阵纪》,EXACT,1.0,n/a,子藏/兵家/阵纪.txt,实伍为用兵之至要,,0.0,,实伍为用兵之至要。
heliangchen-10,heliangchen,jin,《阵纪》,EXACT,1.0,n/a,子藏/兵家/阵纪.txt,善练兵者必练兵之胆气,,0.0,,善练兵者，必练兵之胆气。
heliangchen-11,heliangchen,zhuan,《阵纪》,EXACT,1.0,n/a,子藏/兵家/阵纪.txt,气为一身之用死生荣辱系焉,,0.0,,气为一身之用，死生荣辱系焉。
heliangchen-12,heliangchen,jin,《阵纪》,EXACT,1.0,n/a,子藏/兵家/阵纪.txt,军而无阵犹人之无四维虎之无山谷不可以一日存也,,0.0,,军而无阵，犹人之无四维、虎之无山谷，不可以一日存也。
heliangchen-13,heliangchen,jin,《阵纪》,EXACT,1.0,n/a,子藏/兵家/阵纪.txt,齐勇合一如奔潮之入钱塘,,0.0,,齐勇合一，如奔潮之入钱塘。
heliangchen-14,heliangchen,zhuan,《阵纪》,EXACT,1.0,n/a,子藏/兵家/阵纪.txt,阵法为武艺之纲纪而武艺为胆气之元臣而我之号令又为阵法之司率也,,0.0,,阵法为武艺之纲纪，而武艺为胆气之元臣，而我之号令又为阵法之司率也。
heliangchen-15,heliangchen,jin,《阵纪》,EXACT,1.0,n/a,子藏/兵家/阵纪.txt,凡人之气力日用则强日惰则脆,,0.0,,凡人之气力，日用则强，日惰则脆。
heliangchen-16,heliangchen,jin,《阵纪》,EXACT,1.0,n/a,子藏/兵家/阵纪.txt,治兵之要教戒为先为国之道先戒为宝,,0.0,,治兵之要，教戒为先；为国之道，先戒为宝。
heliangchen-17,heliangchen,jin,《阵纪》,EXACT,1.0,n/a,子藏/兵家/阵纪.txt,人常死其所不能败其所不便也,,0.0,,人常死其所不能，败其所不便也。
heliangchen-18,heliangchen,zhuan,《阵纪》,EXACT,1.0,n/a,子藏/兵家/阵纪.txt,天下无粹白之狐而有纯白之裘者取诸众白也,,0.0,,天下无粹白之狐，而有纯白之裘者，取诸众白也。
heliangchen-19,heliangchen,jin,《阵纪》,EXACT,1.0,n/a,子藏/兵家/阵纪.txt,明赏不费明刑不暴赏罚明则德之至者矣,,0.0,,明赏不费，明刑不暴；赏罚明，则德之至者矣。
heliangchen-20,heliangchen,jin,《阵纪》,EXACT,1.0,n/a,子藏/兵家/阵纪.txt,用赏贵诚用刑贵必,,0.0,,用赏贵诚，用刑贵必。
liuzhou-1,liuzhou,bi,《刘子》,EXACT,1.0,n/a,道藏/正统道藏太玄部/刘子.txt,恬和养神则自安于内清虚栖心则不诱于外,,0.0,,恬和养神，则自安于内；清虚栖心，则不诱于外。
liuzhou-2,liuzhou,bi,《刘子》,EXACT,1.0,n/a,道藏/正统道藏太玄部/刘子.txt,将全其形先在理神,,0.0,,将全其形，先在理神。
liuzhou-3,liuzhou,bi,《刘子》,EXACT,1.0,n/a,道藏/正统道藏太玄部/刘子.txt,虚室生白吉祥至矣,,0.0,,虚室生白，吉祥至矣。
liuzhou-4,liuzhou,bi,《刘子》,EXACT,1.0,n/a,道藏/正统道藏太玄部/刘子.txt,不鉴于流波而鉴于静水者以静能清也,,0.0,,不鉴于流波而鉴于静水者，以静能清也。
liuzhou-5,liuzhou,bi,《刘子》,EXACT,1.0,n/a,道藏/正统道藏太玄部/刘子.txt,七窍者精神之户牖也志气者五藏之使候也,,0.0,,七窍者，精神之户牖也；志气者，五藏之使候也。
liuzhou-6,liuzhou,bi,《刘子》,EXACT,1.0,n/a,道藏/正统道藏太玄部/刘子.txt,圣人清目而不视静耳而不听闭口而不言弃心而不虑,,0.0,,圣人清目而不视，静耳而不听，闭口而不言，弃心而不虑。
liuzhou-7,liuzhou,bi,《刘子》,EXACT,1.0,n/a,道藏/正统道藏太玄部/刘子.txt,形不养而性自全心不劳而道自至也,,0.0,,形不养而性自全，心不劳而道自至也。
liuzhou-8,liuzhou,bi,《刘子》,EXACT,1.0,n/a,道藏/正统道藏太玄部/刘子.txt,欲者贵爱之原奢淫之本也,,0.0,,欲者，贵爱之原，奢淫之本也。
liuzhou-9,liuzhou,bi,《刘子》,VARIANT,0.91,n/a,道藏/正统道藏太玄部/刘子.txt,之性清所以浊者土浑之也人之性贞所以邪者欲眩之也身之有欲如树之有竭树抱竭则还自凿身抱欲而返自害故竭盛则木折欲炽,子藏/诸子/刘子.txt,1.0,身之有欲如树之有蝎树抱蝎则还自凿身抱欲而返自害,身之有欲，如树之有蝎；树抱蝎则还自凿，身抱欲而返自害。
liuzhou-10,liuzhou,bi,《刘子》,EXACT,1.0,n/a,道藏/正统道藏太玄部/刘子.txt,将收情欲先敛五关,,0.0,,将收情欲，先敛五关。
liuzhou-11,liuzhou,bi,《刘子》,EXACT,1.0,n/a,道藏/正统道藏太玄部/刘子.txt,外疾之害轻于秋毫人知避之内疾之害重于太山而莫之避,,0.0,,外疾之害轻于秋毫，人知避之；内疾之害重于太山，而莫之避。
liuzhou-12,liuzhou,bi,《刘子》,VERBATIM,0.96,n/a,道藏/正统道藏太玄部/刘子.txt,收之不亦惑乎将收情欲必在脆微情欲之萌如木之将蘗火之始荧手可掣而断露可滴而灭及其炽也结条陵云煽嫖章华熛者火焰飞也煽者火,,0.0,,情欲之萌，如木之将蘖、火之始荧，手可掣而断，露可滴而灭。
liuzhou-13,liuzhou,bi,《刘子》,EXACT,1.0,n/a,道藏/正统道藏太玄部/刘子.txt,情者是非之主而利害之根,,0.0,,情者，是非之主，而利害之根。
liuzhou-14,liuzhou,bi,《刘子》,EXACT,1.0,n/a,道藏/正统道藏太玄部/刘子.txt,圣人弃智以全真遣情以接物,,0.0,,圣人弃智以全真，遣情以接物。
liuzhou-15,liuzhou,bi,《刘子》,EXACT,1.0,n/a,道藏/正统道藏太玄部/刘子.txt,街异露才者未有不以此伤性毁命者也,,0.0,,街异露才者，未有不以此伤性毁命者也。
liuzhou-16,liuzhou,bi,《刘子》,EXACT,1.0,n/a,道藏/正统道藏太玄部/刘子.txt,古之德者韬迹隐智以密其外澄心封情以定其内,,0.0,,古之德者，韬迹隐智以密其外，澄心封情以定其内。
liuzhou-17,liuzhou,zhuan,《刘子》,EXACT,1.0,n/a,道藏/正统道藏太玄部/刘子.txt,青出于蓝而青于蓝染使然也,,0.0,,青出于蓝而青于蓝，染使然也。
liuzhou-18,liuzhou,zhuan,《刘子》,EXACT,1.0,n/a,道藏/正统道藏太玄部/刘子.txt,不登峻岑不知天之高不瞰深谷不知地之厚,,0.0,,不登峻岑，不知天之高；不瞰深谷，不知地之厚。
liuzhou-19,liuzhou,jin,《刘子》,EXACT,1.0,n/a,道藏/正统道藏太玄部/刘子.txt,人性美而不监道者不学也,,0.0,,人性美而不监道者，不学也。
liuzhou-20,liuzhou,jin,《刘子》,EXACT,1.0,n/a,道藏/正统道藏太玄部/刘子.txt,以圣贤之性犹好学无倦,,0.0,,以圣贤之性，犹好学无倦。
wangchong-1,wangchong,bi,《论衡》,EXACT,1.0,n/a,子藏/诸子/论衡.txt,位卑在下未必愚不遇也,,0.0,,位卑在下未必愚，不遇也。
wangchong-2,wangchong,jin,《论衡》,EXACT,1.0,n/a,子藏/诸子/论衡.txt,能御骥者必王良也能臣禹稷皋陶者必尧舜也,,0.0,,能御骥者必王良也，能臣禹稷皋陶者必尧舜也。
wangchong-3,wangchong,bi,《论衡》,EXACT,1.0,n/a,子藏/诸子/论衡.txt,至言弃捐圣贤距逆非憎圣贤不甘至言也,,0.0,,至言弃捐，圣贤距逆，非憎圣贤、不甘至言也。
wangchong-4,wangchong,zhuan,《论衡》,EXACT,1.0,n/a,子藏/诸子/论衡.txt,道虽同同中有异志虽合合中有离,,0.0,,道虽同，同中有异；志虽合，合中有离。
wangchong-5,wangchong,bi,《论衡》,EXACT,1.0,n/a,子藏/诸子/论衡.txt,贤不肖可豫知遇难先图,,0.0,,贤不肖可豫知，遇难先图。
wangchong-6,wangchong,bi,《论衡》,EXACT,1.0,n/a,子藏/诸子/论衡.txt,逢遭外祸累害之也,,0.0,,逢遭外祸，累害之也。
wangchong-7,wangchong,bi,《论衡》,EXACT,1.0,n/a,子藏/诸子/论衡.txt,为累害修身正行不能来福战栗戒慎不能避祸祸福之至幸不幸也,,0.0,,为累害修身正行不能来福，战栗戒慎不能避祸，祸福之至，幸不幸也。
wangchong-8,wangchong,bi,《论衡》,EXACT,1.0,n/a,子藏/诸子/论衡.txt,福来不由我,,0.0,,福来不由我。
wangchong-9,wangchong,bi,《论衡》,EXACT,1.0,n/a,子藏/诸子/论衡.txt,伟士坐以俊杰之才招致群吠之声,,0.0,,伟士坐以俊杰之才，招致群吠之声。
wangchong-10,wangchong,bi,《论衡》,EXACT,1.0,n/a,子藏/诸子/论衡.txt,非俊疑杰固庸能也,,0.0,,非俊疑杰，固庸能也。
wangchong-11,wangchong,bi,《论衡》,EXACT,1.0,n/a,子藏/诸子/论衡.txt,不肖奴下非所勉也,,0.0,,不肖奴下，非所勉也。
wangchong-12,wangchong,bi,《论衡》,EXACT,1.0,n/a,子藏/诸子/论衡.txt,德鸿者招谤为士者多口,,0.0,,德鸿者招谤，为士者多口。
wangchong-13,wangchong,bi,《论衡》,EXACT,1.0,n/a,子藏/诸子/论衡.txt,死灰百斛人不沃者光灭也,,0.0,,死灰百斛，人不沃者，光灭也。
wangchong-14,wangchong,bi,《论衡》,EXACT,1.0,n/a,子藏/诸子/论衡.txt,立卓异于俗固常通人所谗妒也,,0.0,,立卓异于俗，固常通人所谗妒也。
wangchong-15,wangchong,bi,《论衡》,EXACT,1.0,n/a,子藏/诸子/论衡.txt,凡人遇偶及遭累害皆由命也,,0.0,,凡人遇偶及遭累害，皆由命也。
wangchong-16,wangchong,bi,《论衡》,EXACT,1.0,n/a,子藏/诸子/论衡.txt,凡有首目之类含血之属莫不有命,,0.0,,凡有首目之类，含血之属，莫不有命。
wangchong-17,wangchong,zhuan,《论衡》,EXACT,1.0,n/a,子藏/诸子/论衡.txt,命当贫贱虽富贵之犹涉祸患矣,,0.0,,命当贫贱，虽富贵之，犹涉祸患矣。
wangchong-18,wangchong,bi,《论衡》,EXACT,1.0,n/a,子藏/诸子/论衡.txt,才高行厚未必保其必富贵,,0.0,,才高行厚，未必保其必富贵。
wangchong-19,wangchong,bi,《论衡》,EXACT,1.0,n/a,子藏/诸子/论衡.txt,命则不可勉时则不可力知者归之于天,,0.0,,命则不可勉，时则不可力，知者归之于天。
wangchong-20,wangchong,jin,《论衡》,EXACT,1.0,n/a,子藏/诸子/论衡.txt,采玉者破石拔玉选士者弃恶取善,,0.0,,采玉者破石拔玉，选士者弃恶取善。
yanshi-1,yanshi,jin,《颜氏家训》,EXACT,1.0,n/a,儒藏/修身治家/颜氏家训.txt,圣贤之书教人诚孝慎言检迹立身扬名,,0.0,,圣贤之书，教人诚孝、慎言、检迹、立身、扬名。
yanshi-2,yanshi,zhuan,《颜氏家训》,EXACT,1.0,n/a,儒藏/修身治家/颜氏家训.txt,同言而信信其所亲同命而行行其所服,,0.0,,同言而信，信其所亲；同命而行，行其所服。
yanshi-3,yanshi,zhuan,《颜氏家训》,EXACT,1.0,n/a,儒藏/修身治家/颜氏家训.txt,上智不教而成下愚虽教无益中庸之人不教不知也,,0.0,,上智不教而成，下愚虽教无益，中庸之人，不教不知也。
yanshi-4,yanshi,jin,《颜氏家训》,EXACT,1.0,n/a,儒藏/修身治家/颜氏家训.txt,教妇初来教儿婴孩,,0.0,,教妇初来，教儿婴孩。
yanshi-5,yanshi,bi,《颜氏家训》,EXACT,1.0,n/a,儒藏/修身治家/颜氏家训.txt,兄弟者分形连气之人也,,0.0,,兄弟者，分形连气之人也。
yanshi-6,yanshi,bi,《颜氏家训》,EXACT,1.0,n/a,儒藏/修身治家/颜氏家训.txt,二亲既殁兄弟相顾当如形之与影声之与响,,0.0,,二亲既殁，兄弟相顾，当如形之与影、声之与响。
yanshi-7,yanshi,jin,《颜氏家训》,EXACT,1.0,n/a,儒藏/修身治家/颜氏家训.txt,兄弟不睦则子侄不爱,,0.0,,兄弟不睦，则子侄不爱。
yanshi-8,yanshi,zhuan,《颜氏家训》,EXACT,1.0,n/a,儒藏/修身治家/颜氏家训.txt,风化者自上而行于下者也自先而施于后者也,,0.0,,风化者，自上而行于下者也，自先而施于后者也。
yanshi-9,yanshi,zhuan,《颜氏家训》,EXACT,1.0,n/a,儒藏/修身治家/颜氏家训.txt,父不慈则子不孝兄不友则弟不恭,,0.0,,父不慈则子不孝，兄不友则弟不恭。
yanshi-10,yanshi,bi,《颜氏家训》,EXACT,1.0,n/a,儒藏/修身治家/颜氏家训.txt,奢则不孙俭则固与其不孙也宁固,,0.0,,奢则不孙，俭则固；与其不孙也，宁固。
yanshi-11,yanshi,bi,《颜氏家训》,EXACT,1.0,n/a,儒藏/修身治家/颜氏家训.txt,可俭而不可吝,,0.0,,可俭而不可吝。
yanshi-12,yanshi,zhuan,《颜氏家训》,EXACT,1.0,n/a,儒藏/修身治家/颜氏家训.txt,施而不奢俭而不吝可矣,,0.0,,施而不奢，俭而不吝，可矣。
yanshi-13,yanshi,jin,《颜氏家训》,EXACT,1.0,n/a,儒藏/修身治家/颜氏家训.txt,父慈而子逆兄友而弟傲夫义而妇陵则天之凶民乃刑戮之所摄非训导之所移也,,0.0,,父慈而子逆，兄友而弟傲，夫义而妇陵，则天之凶民，乃刑戮之所摄，非训导之所移也。
yanshi-14,yanshi,jin,《颜氏家训》,EXACT,1.0,n/a,儒藏/修身治家/颜氏家训.txt,笞怒废于家则竖子之过立见刑罚不中则民无所措手足,,0.0,,笞怒废于家，则竖子之过立见；刑罚不中，则民无所措手足。
yanshi-15,yanshi,jin,《颜氏家训》,EXACT,1.0,n/a,儒藏/修身治家/颜氏家训.txt,治家之宽猛亦犹国焉,,0.0,,治家之宽猛，亦犹国焉。
yanshi-16,yanshi,jin,《颜氏家训》,EXACT,1.0,n/a,儒藏/修身治家/颜氏家训.txt,国不可使预政家不可使干蛊,,0.0,,国不可使预政，家不可使干蛊。
yanshi-17,yanshi,zhuan,《颜氏家训》,EXACT,1.0,n/a,儒藏/修身治家/颜氏家训.txt,蓬生麻中不劳翰墨,,0.0,,蓬生麻中，不劳翰墨。
yanshi-18,yanshi,jin,《颜氏家训》,EXACT,1.0,n/a,儒藏/修身治家/颜氏家训.txt,子侄不爱则群从疏薄群从疏薄则僮仆为雠敌矣,,0.0,,子侄不爱，则群从疏薄；群从疏薄，则僮仆为雠敌矣。
yanshi-19,yanshi,jin,《颜氏家训》,EXACT,1.0,n/a,儒藏/修身治家/颜氏家训.txt,读书未竟虽有急速必待卷束整齐然后得起,,0.0,,读书未竟，虽有急速，必待卷束整齐，然后得起。
yanshi-20,yanshi,bi,《颜氏家训》,EXACT,1.0,n/a,儒藏/修身治家/颜氏家训.txt,故纸有五经词义及贤达姓名不敢秽用也,,0.0,,故纸有五经词义及贤达姓名，不敢秽用也。
qianshu-1,qianshu,zhuan,《潜书》,EXACT,1.0,n/a,子藏/诸子/潜书.txt,圣贤之言因时而变所以救其失也不模古而行所以致其真也,,0.0,,圣贤之言，因时而变，所以救其失也；不模古而行，所以致其真也。
qianshu-2,qianshu,jin,《潜书》,EXACT,1.0,n/a,子藏/诸子/潜书.txt,儒之为贵者能定乱除暴安百姓也,,0.0,,儒之为贵者，能定乱除暴、安百姓也。
qianshu-3,qianshu,zhuan,《潜书》,EXACT,1.0,n/a,子藏/诸子/潜书.txt,心者事之本也,,0.0,,心者，事之本也。
qianshu-4,qianshu,bi,《潜书》,EXACT,1.0,n/a,子藏/诸子/潜书.txt,正心诚意学之本也,,0.0,,正心诚意，学之本也。
qianshu-5,qianshu,zhuan,《潜书》,EXACT,1.0,n/a,子藏/诸子/潜书.txt,信者不欺仆妾不欺童稚是驯暴服蛮之根也,,0.0,,信者不欺仆妾、不欺童稚，是驯暴服蛮之根也。
qianshu-6,qianshu,bi,《潜书》,EXACT,1.0,n/a,子藏/诸子/潜书.txt,仁者不忍庖厨不伤蛰宿是泽覆四海之根也,,0.0,,仁者不忍庖厨、不伤蛰宿，是泽覆四海之根也。
qianshu-7,qianshu,jin,《潜书》,EXACT,1.0,n/a,子藏/诸子/潜书.txt,义者不食利不蔽爱不徇恶是诛暴乱定天下之根也,,0.0,,义者不食利、不蔽爱、不徇恶，是诛暴乱、定天下之根也。
qianshu-8,qianshu,zhuan,《潜书》,EXACT,1.0,n/a,子藏/诸子/潜书.txt,君子既得其根又善其养也善养则根生不善养则根腐,,0.0,,君子既得其根，又善其养也；善养则根生，不善养则根腐。
qianshu-9,qianshu,bi,《潜书》,EXACT,1.0,n/a,子藏/诸子/潜书.txt,天下莫强于仁,,0.0,,天下莫强于仁。
qianshu-10,qianshu,zhuan,《潜书》,VERBATIM,1.0,n/a,子藏/诸子/潜书.txt,仁而无功者未充乎仁之量也水能载舟者也其不能载舟者水浅也仁能服人者也其不能服人者仁小也仁之,,0.0,,其不能载舟者，水浅也；其不能服人者，仁小也。
qianshu-11,qianshu,zhuan,《潜书》,EXACT,1.0,n/a,子藏/诸子/潜书.txt,愚者见形智者见心,,0.0,,愚者见形，智者见心。
qianshu-12,qianshu,zhuan,《潜书》,EXACT,1.0,n/a,子藏/诸子/潜书.txt,战国致形圣人致心,,0.0,,战国致形，圣人致心。
qianshu-13,qianshu,jin,《潜书》,EXACT,1.0,n/a,子藏/诸子/潜书.txt,贤才者四者之舟车也去之则四者皆去而国亡,,0.0,,贤才者，四者之舟车也；去之则四者皆去而国亡。
qianshu-14,qianshu,zhuan,《潜书》,EXACT,1.0,n/a,子藏/诸子/潜书.txt,气大则心定心定则才足固历险成功之道也,,0.0,,气大则心定，心定则才足，固历险成功之道也。
qianshu-15,qianshu,bi,《潜书》,EXACT,1.0,n/a,子藏/诸子/潜书.txt,人皆可以为尧舜,,0.0,,人皆可以为尧舜。
qianshu-16,qianshu,bi,《潜书》,EXACT,1.0,n/a,子藏/诸子/潜书.txt,天下之孩提皆同也,,0.0,,天下之孩提皆同也。
qianshu-17,qianshu,bi,《潜书》,EXACT,1.0,n/a,子藏/诸子/潜书.txt,良知者心之见端也,,0.0,,良知者，心之见端也。
qianshu-18,qianshu,bi,《潜书》,EXACT,1.0,n/a,子藏/诸子/潜书.txt,是良知者乃江汉之源非积潦之水岂有竭焉,,0.0,,是良知者，乃江汉之源，非积潦之水，岂有竭焉。
qianshu-19,qianshu,zhuan,《潜书》,EXACT,1.0,n/a,子藏/诸子/潜书.txt,猛虎在深山百兽震恐乌知其见麟则伏也,,0.0,,猛虎在深山，百兽震恐，乌知其见麟则伏也。
qianshu-20,qianshu,bi,《潜书》,EXACT,1.0,n/a,子藏/诸子/潜书.txt,仁之大者无强不顺无诈不附,,0.0,,仁之大者，无强不顺，无诈不附。
jinlouzi-1,jinlouzi,bi,《金楼子》,EXACT,1.0,n/a,子藏/笔记/金楼子.txt,夫有生必有死达人恒分,,0.0,,夫有生必有死，达人恒分。
jinlouzi-2,jinlouzi,zhuan,《金楼子》,EXACT,1.0,n/a,子藏/笔记/金楼子.txt,物速成而疾亡晚就而善终,,0.0,,物速成而疾亡，晚就而善终。
jinlouzi-3,jinlouzi,zhuan,《金楼子》,EXACT,1.0,n/a,子藏/笔记/金楼子.txt,朝华之草戒旦零落松柏之茂隆冬不衰,,0.0,,朝华之草，戒旦零落；松柏之茂，隆冬不衰。
jinlouzi-4,jinlouzi,bi,《金楼子》,EXACT,1.0,n/a,子藏/笔记/金楼子.txt,是以大雅君子恶速成戒阙党也,,0.0,,是以大雅君子，恶速成，戒阙党也。
jinlouzi-5,jinlouzi,bi,《金楼子》,EXACT,1.0,n/a,子藏/笔记/金楼子.txt,夫人有善鲜不自伐有能寡不自矜伐则掩人矜则陵人,,0.0,,夫人有善鲜不自伐，有能寡不自矜；伐则掩人，矜则陵人。
jinlouzi-6,jinlouzi,bi,《金楼子》,EXACT,1.0,n/a,子藏/笔记/金楼子.txt,大喜荡心微抑则定甚怒倾性小忍则歇,,0.0,,大喜荡心，微抑则定；甚怒倾性，小忍则歇。
jinlouzi-7,jinlouzi,zhuan,《金楼子》,EXACT,1.0,n/a,子藏/笔记/金楼子.txt,欲求子孝必先为慈将责弟悌务念为友,,0.0,,欲求子孝，必先为慈；将责弟悌，务念为友。
jinlouzi-8,jinlouzi,bi,《金楼子》,EXACT,1.0,n/a,子藏/笔记/金楼子.txt,曾子曰狎甚则相简庄甚则不亲,,0.0,,曾子曰：狎甚则相简，庄甚则不亲。
jinlouzi-9,jinlouzi,bi,《金楼子》,EXACT,1.0,n/a,子藏/笔记/金楼子.txt,言行君子之枢机枢机之发荣辱之主可不慎乎,,0.0,,言行，君子之枢机；枢机之发，荣辱之主，可不慎乎。
jinlouzi-10,jinlouzi,jin,《金楼子》,EXACT,1.0,n/a,子藏/笔记/金楼子.txt,凡读书必以五经为本,,0.0,,凡读书必以五经为本。
jinlouzi-11,jinlouzi,jin,《金楼子》,EXACT,1.0,n/a,子藏/笔记/金楼子.txt,非圣人之书勿读读之百遍其义自见,,0.0,,非圣人之书勿读，读之百遍，其义自见。
jinlouzi-12,jinlouzi,bi,《金楼子》,EXACT,1.0,n/a,子藏/笔记/金楼子.txt,人或毁己当退而求之于身,,0.0,,人或毁己，当退而求之于身。
jinlouzi-13,jinlouzi,bi,《金楼子》,EXACT,1.0,n/a,子藏/笔记/金楼子.txt,闻人毁己而忿者恶丑声之加己反报者滋甚不如默而自修也,,0.0,,闻人毁己而忿者，恶丑声之加己；反报者滋甚，不如默而自修也。
jinlouzi-14,jinlouzi,zhuan,《金楼子》,EXACT,1.0,n/a,子藏/笔记/金楼子.txt,欲使汝曹立身行己遵儒者之教履道家之言,,0.0,,欲使汝曹立身行己，遵儒者之教，履道家之言。
jinlouzi-15,jinlouzi,jin,《金楼子》,EXACT,1.0,n/a,子藏/笔记/金楼子.txt,孝敬仁义百行之首而立身之本也,,0.0,,孝敬仁义，百行之首，而立身之本也。
jinlouzi-16,jinlouzi,bi,《金楼子》,EXACT,1.0,n/a,子藏/笔记/金楼子.txt,未有干名要利欲而不厌而能保于世永全福禄者也,,0.0,,未有干名要利、欲而不厌，而能保于世、永全福禄者也。
jinlouzi-17,jinlouzi,bi,《金楼子》,EXACT,1.0,n/a,子藏/笔记/金楼子.txt,好论人长短忘其善恶者宁死不愿闻也,,0.0,,好论人长短、忘其善恶者，宁死不愿闻也。
jinlouzi-18,jinlouzi,zhuan,《金楼子》,EXACT,1.0,n/a,子藏/笔记/金楼子.txt,夫和之不备或应以不和犹信不足焉,,0.0,,夫和之不备，或应以不和，犹信不足焉。
jinlouzi-19,jinlouzi,bi,《金楼子》,EXACT,1.0,n/a,子藏/笔记/金楼子.txt,古者般金盂有铭几杖有戒俯仰察焉,,0.0,,古者般金盂有铭，几杖有戒，俯仰察焉。
jinlouzi-20,jinlouzi,bi,《金楼子》,EXACT,1.0,n/a,子藏/笔记/金楼子.txt,依隐玩世诡时不逢,,0.0,,依隐玩世，诡时不逢。
toubishitan-1,toubishitan,jin,《投笔肤谈》,EXACT,1.0,n/a,子藏/兵家/投笔肤谈.txt,谋乃行师之本非谋无以制胜于万全,,0.0,,谋乃行师之本，非谋无以制胜于万全。
toubishitan-2,toubishitan,jin,《投笔肤谈》,EXACT,1.0,n/a,子藏/兵家/投笔肤谈.txt,帝王之兵贵谋而贱战,,0.0,,帝王之兵，贵谋而贱战。
toubishitan-3,toubishitan,jin,《投笔肤谈》,EXACT,1.0,n/a,子藏/兵家/投笔肤谈.txt,勇不足恃用兵在先定谋,,0.0,,勇不足恃，用兵在先定谋。
toubishitan-4,toubishitan,bi,《投笔肤谈》,EXACT,1.0,n/a,子藏/兵家/投笔肤谈.txt,凡兵之兴不得已也,,0.0,,凡兵之兴，不得已也。
toubishitan-5,toubishitan,zhuan,《投笔肤谈》,EXACT,1.0,n/a,子藏/兵家/投笔肤谈.txt,国乱之是除民暴之是去非以残民而生乱也,,0.0,,国乱之是除，民暴之是去，非以残民而生乱也。
toubishitan-6,toubishitan,jin,《投笔肤谈》,EXACT,1.0,n/a,子藏/兵家/投笔肤谈.txt,国不富不可以兴兵民不和不可以合战,,0.0,,国不富不可以兴兵，民不和不可以合战。
toubishitan-7,toubishitan,zhuan,《投笔肤谈》,EXACT,1.0,n/a,子藏/兵家/投笔肤谈.txt,兵以销兵,,0.0,,兵以销兵。
toubishitan-8,toubishitan,zhuan,《投笔肤谈》,EXACT,1.0,n/a,子藏/兵家/投笔肤谈.txt,用兵之道难保其必胜而可保其必不败,,0.0,,用兵之道，难保其必胜，而可保其必不败。
toubishitan-9,toubishitan,jin,《投笔肤谈》,EXACT,1.0,n/a,子藏/兵家/投笔肤谈.txt,不立于不败之地而欲求以胜人者此徼幸之道也,,0.0,,不立于不败之地而欲求以胜人者，此徼幸之道也。
toubishitan-10,toubishitan,jin,《投笔肤谈》,EXACT,1.0,n/a,子藏/兵家/投笔肤谈.txt,营实则敌难冲突阵虚则人易展施,,0.0,,营实则敌难冲突，阵虚则人易展施。
toubishitan-11,toubishitan,bi,《投笔肤谈》,EXACT,1.0,n/a,子藏/兵家/投笔肤谈.txt,宁不胜毋或陷众宁久持毋惑欺敌,,0.0,,宁不胜，毋或陷众；宁久持，毋惑欺敌。
toubishitan-12,toubishitan,jin,《投笔肤谈》,EXACT,1.0,n/a,子藏/兵家/投笔肤谈.txt,兵不贵分分则力寡兵不贵远远则势疏,,0.0,,兵不贵分，分则力寡；兵不贵远，远则势疏。
toubishitan-13,toubishitan,jin,《投笔肤谈》,EXACT,1.0,n/a,子藏/兵家/投笔肤谈.txt,敌诱吾以利者我思其灾激吾以怒者我思其变,,0.0,,敌诱吾以利者，我思其灾；激吾以怒者，我思其变。
toubishitan-14,toubishitan,zhuan,《投笔肤谈》,EXACT,1.0,n/a,子藏/兵家/投笔肤谈.txt,天下之乘不在敌则在我不在我则在敌,,0.0,,天下之乘，不在敌则在我，不在我则在敌。
toubishitan-15,toubishitan,jin,《投笔肤谈》,EXACT,1.0,n/a,子藏/兵家/投笔肤谈.txt,凡此等法千载不磨,,0.0,,凡此等法，千载不磨。
toubishitan-16,toubishitan,zhuan,《投笔肤谈》,EXACT,1.0,n/a,子藏/兵家/投笔肤谈.txt,权变而不可胶弦袭辙也,,0.0,,权变而不可胶弦袭辙也。
toubishitan-17,toubishitan,jin,《投笔肤谈》,EXACT,1.0,n/a,子藏/兵家/投笔肤谈.txt,用兵先须立定家计,,0.0,,用兵先须立定家计。
toubishitan-18,toubishitan,jin,《投笔肤谈》,EXACT,1.0,n/a,子藏/兵家/投笔肤谈.txt,我未可战则谨守弗失待敌之敝而胜之,,0.0,,我未可战则谨守弗失，待敌之敝而胜之。
toubishitan-19,toubishitan,jin,《投笔肤谈》,EXACT,1.0,n/a,子藏/兵家/投笔肤谈.txt,敌若有衅机不可失则警吾之备而乘之,,0.0,,敌若有衅，机不可失，则警吾之备而乘之。
toubishitan-20,toubishitan,jin,《投笔肤谈》,EXACT,1.0,n/a,子藏/兵家/投笔肤谈.txt,敌虽寡我亦举众以待之敌虽弱我亦坚阵以迎之,,0.0,,敌虽寡我亦举众以待之，敌虽弱我亦坚阵以迎之。
binglei-1,binglei,jin,《兵垒》,EXACT,1.0,n/a,子藏/兵家/兵垒.txt,故可与之赴深溪视卒如爱子,,0.0,,故可与之赴深溪，视卒如爱子。
binglei-2,binglei,jin,《兵垒》,EXACT,1.0,n/a,子藏/兵家/兵垒.txt,先胜而后战非先战而后胜也,,0.0,,先胜而后战，非先战而后胜也。
binglei-3,binglei,jin,《兵垒》,EXACT,1.0,n/a,子藏/兵家/兵垒.txt,时不再来机不可失则速攻之速围之速逐之速捣之靡有不胜,,0.0,,时不再来，机不可失，则速攻之、速围之、速逐之、速捣之，靡有不胜。
binglei-4,binglei,jin,《兵垒》,EXACT,1.0,n/a,子藏/兵家/兵垒.txt,攻敌欲疾是脱兔之说也,,0.0,,攻敌欲疾，是脱兔之说也。
binglei-5,binglei,jin,《兵垒》,EXACT,1.0,n/a,子藏/兵家/兵垒.txt,必匿其爪猛兽之搏也,,0.0,,必匿其爪，猛兽之搏也。
binglei-6,binglei,jin,《兵垒》,EXACT,1.0,n/a,子藏/兵家/兵垒.txt,故羸为制敌之一奇也,,0.0,,故羸为制敌之一奇也。
binglei-7,binglei,jin,《兵垒》,EXACT,1.0,n/a,子藏/兵家/兵垒.txt,必胜之术合变之形妙在于乘乘者乘人之不及攻其所不戒焉,,0.0,,必胜之术，合变之形，妙在于乘；乘者，乘人之不及，攻其所不戒焉。
binglei-8,binglei,jin,《兵垒》,EXACT,1.0,n/a,子藏/兵家/兵垒.txt,骄可乘劳可乘懈可乘饥可乘渴可乘乱可乘疑可乘怖可乘困可乘险可乘可乘者敌也,,0.0,,骄可乘，劳可乘，懈可乘，饥可乘，渴可乘，乱可乘，疑可乘，怖可乘，困可乘，险可乘；可乘者，敌也。
binglei-9,binglei,jin,《兵垒》,EXACT,1.0,n/a,子藏/兵家/兵垒.txt,揣其可乘而乘之善制敌者也,,0.0,,揣其可乘而乘之，善制敌者也。
binglei-10,binglei,bi,《兵垒》,EXACT,1.0,n/a,子藏/兵家/兵垒.txt,故圣人贵静静则不躁而后能应躁,,0.0,,故圣人贵静，静则不躁，而后能应躁。
binglei-11,binglei,bi,《兵垒》,EXACT,1.0,n/a,子藏/兵家/兵垒.txt,兵以静胜甚哉,,0.0,,兵以静胜，甚哉。
binglei-12,binglei,jin,《兵垒》,EXACT,1.0,n/a,子藏/兵家/兵垒.txt,人莫不有长莫不有短善为将者假人之长以补其短,,0.0,,人莫不有长，莫不有短，善为将者，假人之长以补其短。
binglei-13,binglei,zhuan,《兵垒》,EXACT,1.0,n/a,子藏/兵家/兵垒.txt,夫泰山不辞壤石江海不逆小流所以成大也,,0.0,,夫泰山不辞壤石，江海不逆小流，所以成大也。
binglei-14,binglei,zhuan,《兵垒》,EXACT,1.0,n/a,子藏/兵家/兵垒.txt,能审因而加胜则不可穷也,,0.0,,能审因而加胜，则不可穷也。
binglei-15,binglei,zhuan,《兵垒》,EXACT,1.0,n/a,子藏/兵家/兵垒.txt,三代所宝莫如因舜因民之心禹因水之力汤武因人之欲,,0.0,,三代所宝莫如因：舜因民之心，禹因水之力，汤武因人之欲。
binglei-16,binglei,zhuan,《兵垒》,EXACT,1.0,n/a,子藏/兵家/兵垒.txt,凡因则无敌,,0.0,,凡因则无敌。
binglei-17,binglei,jin,《兵垒》,EXACT,1.0,n/a,子藏/兵家/兵垒.txt,兵法有虚有实实而示之以虚虚而示之以实,,0.0,,兵法有虚有实，实而示之以虚，虚而示之以实。
binglei-18,binglei,jin,《兵垒》,EXACT,1.0,n/a,子藏/兵家/兵垒.txt,夫一人之身举百万之众俛首伏喙束肩敛息而莫敢仰视法制整也,,0.0,,夫一人之身，举百万之众，俛首伏喙，束肩敛息，而莫敢仰视，法制整也。
binglei-19,binglei,jin,《兵垒》,EXACT,1.0,n/a,子藏/兵家/兵垒.txt,忽操兵权申之以法令威之以赏罚人未敢有逆其命者整之时义大矣,,0.0,,忽操兵权，申之以法令，威之以赏罚，人未敢有逆其命者，整之时义大矣。
binglei-20,binglei,zhuan,《兵垒》,EXACT,1.0,n/a,子藏/兵家/兵垒.txt,猛虎失势童子曳戟而逐之乘其惫也,,0.0,,猛虎失势，童子曳戟而逐之，乘其惫也。
zhufengjia-1,zhufengjia,jin,《间书》,EXACT,1.0,n/a,子藏/兵家/间书.txt,用间者胜,,0.0,,用间者胜。
zhufengjia-2,zhufengjia,jin,《间书》,EXACT,1.0,n/a,子藏/兵家/间书.txt,欲知虚实在先用间,,0.0,,欲知虚实，在先用间。
zhufengjia-3,zhufengjia,jin,《间书》,EXACT,1.0,n/a,子藏/兵家/间书.txt,五间相济成而以反间为乡间内间生间死间之本,,0.0,,五间相济成，而以反间为乡间、内间、生间、死间之本。
zhufengjia-4,zhufengjia,jin,《间书》,EXACT,1.0,n/a,子藏/兵家/间书.txt,故反间不可不厚也,,0.0,,故反间不可不厚也。
zhufengjia-5,zhufengjia,jin,《间书》,EXACT,1.0,n/a,子藏/兵家/间书.txt,机事不密则害成兵机皆贵密不独用间为然也,,0.0,,机事不密则害成；兵机皆贵密，不独用间为然也。
zhufengjia-6,zhufengjia,jin,《间书》,EXACT,1.0,n/a,子藏/兵家/间书.txt,非重金不能行间也,,0.0,,非重金不能行间也。
zhufengjia-7,zhufengjia,jin,《间书》,EXACT,1.0,n/a,子藏/兵家/间书.txt,凡见皆须隐密重之以赏密之又密始可行焉,,0.0,,凡见皆须隐密，重之以赏，密之又密，始可行焉。
zhufengjia-8,zhufengjia,zhuan,《间书》,EXACT,1.0,n/a,子藏/兵家/间书.txt,夫无报人之志而令人疑之拙也有报人之意而令人知之殆也事未发而先闻者危也三者举事之大患也,,0.0,,夫无报人之志而令人疑之，拙也；有报人之意而令人知之，殆也；事未发而先闻者，危也。三者举事之大患也。
zhufengjia-9,zhufengjia,zhuan,《间书》,EXACT,1.0,n/a,子藏/兵家/间书.txt,读古人兵书不必泥其词而刻舟求剑贵神明而变通之也,,0.0,,读古人兵书，不必泥其词而刻舟求剑，贵神明而变通之也。
zhufengjia-10,zhufengjia,jin,《间书》,EXACT,1.0,n/a,子藏/兵家/间书.txt,以良民与逆民互相伤非计也,,0.0,,以良民与逆民互相伤，非计也。
zhufengjia-11,zhufengjia,jin,《间书》,EXACT,1.0,n/a,子藏/兵家/间书.txt,间之道有五,,0.0,,间之道有五。
zhufengjia-12,zhufengjia,jin,《间书》,EXACT,1.0,n/a,子藏/兵家/间书.txt,五间之事主必知之,,0.0,,五间之事，主必知之。
zhufengjia-13,zhufengjia,jin,《间书》,EXACT,1.0,n/a,子藏/兵家/间书.txt,凡军之所欲击城之所欲攻必先知其守将左右谒者门者舍人之姓名,,0.0,,凡军之所欲击、城之所欲攻，必先知其守将、左右、谒者、门者、舍人之姓名。
zhufengjia-14,zhufengjia,jin,《间书》,EXACT,1.0,n/a,子藏/兵家/间书.txt,故就而用之可使伺候也,,0.0,,故就而用之，可使伺候也。
zhufengjia-15,zhufengjia,jin,《间书》,EXACT,1.0,n/a,子藏/兵家/间书.txt,敌使间来视我我知之因厚赂重许反使为我间也,,0.0,,敌使间来视我，我知之，因厚赂重许，反使为我间也。
zhufengjia-16,zhufengjia,jin,《间书》,EXACT,1.0,n/a,子藏/兵家/间书.txt,故死间为诳事可使告敌,,0.0,,故死间为诳事，可使告敌。
zhufengjia-17,zhufengjia,jin,《间书》,EXACT,1.0,n/a,子藏/兵家/间书.txt,故生间可使如期,,0.0,,故生间可使如期。
zhufengjia-18,zhufengjia,jin,《间书》,EXACT,1.0,n/a,子藏/兵家/间书.txt,因敌反间而知敌情乡间内间者皆可得使,,0.0,,因敌反间而知敌情，乡间、内间者皆可得使。
zhufengjia-19,zhufengjia,jin,《间书》,EXACT,1.0,n/a,子藏/兵家/间书.txt,至于行间贵密则大易言之矣,,0.0,,至于行间，贵密，则大易言之矣。
zhufengjia-20,zhufengjia,bi,《间书》,VERBATIM,1.0,n/a,子藏/兵家/间书.txt,魏公子兵法不传可惜也且信陵善间而后魏王中秦间信陵竟以间废亦可慨也史记淮阴侯传云韩信兵欲东下井陉击赵赵成安,,0.0,,信陵善间，而后魏中秦间，信陵竟以间废，亦可慨也。
yuzi-2,yuzi,bi,《鬻子》,EXACT,1.0,n/a,道藏/正统道藏太清部/鬻子.txt,故君子之谋能必用道,,0.0,,故君子之谋，能必用道。
yuzi-3,yuzi,jin,《鬻子》,EXACT,1.0,n/a,道藏/正统道藏太清部/鬻子.txt,故有道之君上下亲爱忠谠进用,,0.0,,故有道之君，上下亲爱，忠谠进用。
yuzi-4,yuzi,bi,《鬻子》,EXACT,1.0,n/a,道藏/正统道藏太清部/鬻子.txt,君子非人者不出之于辞而施之于行,,0.0,,君子非人者，不出之于辞，而施之于行。
yuzi-5,yuzi,zhuan,《鬻子》,EXACT,1.0,n/a,道藏/正统道藏太清部/鬻子.txt,夫为政以德必贵于道为化国之福焉,,0.0,,夫为政以德，必贵于道，为化国之福焉。
yuzi-6,yuzi,jin,《鬻子》,EXACT,1.0,n/a,道藏/正统道藏太清部/鬻子.txt,昔之君子其所以为功者以其民也,,0.0,,昔之君子，其所以为功者，以其民也。
yuzi-7,yuzi,jin,《鬻子》,EXACT,1.0,n/a,道藏/正统道藏太清部/鬻子.txt,人惟邦本得众斯昌,,0.0,,人惟邦本，得众斯昌。
yuzi-8,yuzi,jin,《鬻子》,EXACT,1.0,n/a,道藏/正统道藏太清部/鬻子.txt,政之兴亡在于卿相得贤者和辑失贤者离散,,0.0,,政之兴亡，在于卿相：得贤者和辑，失贤者离散。
yuzi-9,yuzi,jin,《鬻子》,EXACT,1.0,n/a,道藏/正统道藏太清部/鬻子.txt,故十人爱之则十人之吏也百人爱之则百人之吏也千人爱之则千人之吏也万人爱之则万人之吏也,,0.0,,故十人爱之，则十人之吏也；百人爱之，则百人之吏也；千人爱之，则千人之吏也；万人爱之，则万人之吏也。
yuzi-10,yuzi,jin,《鬻子》,EXACT,1.0,n/a,道藏/正统道藏太清部/鬻子.txt,故万人之吏撰卿相矣,,0.0,,故万人之吏，撰卿相矣。
yuzi-11,yuzi,bi,《鬻子》,EXACT,1.0,n/a,道藏/正统道藏太清部/鬻子.txt,知善不行者谓之狂,,0.0,,知善不行者谓之狂。
yuzi-12,yuzi,jin,《鬻子》,VERBATIM,0.95,n/a,道藏/正统道藏太清部/鬻子.txt,则百姓为恶而不悛者是昏惑夫狂与惑者圣王之戒也知善而不行知恶而不改铃至狂惑者此圣王之明戒也道符五帝三王传政,,0.0,,知善而不行，知恶而不改，终至狂惑者，此圣王之明戒也。
yuzi-13,yuzi,bi,《鬻子》,EXACT,1.0,n/a,道藏/正统道藏太清部/鬻子.txt,不肖者不自谓不肖也,,0.0,,不肖者不自谓不肖也。
yuzi-14,yuzi,bi,《鬻子》,EXACT,1.0,n/a,道藏/正统道藏太清部/鬻子.txt,虽自谓贤人犹谓之不肖也,,0.0,,虽自谓贤人，犹谓之不肖也。
yuzi-15,yuzi,jin,《鬻子》,EXACT,1.0,n/a,道藏/正统道藏太清部/鬻子.txt,故曰民者贤不肖之杖也,,0.0,,故曰民者，贤不肖之杖也。
yuzi-16,yuzi,bi,《鬻子》,VERBATIM,0.95,n/a,道藏/正统道藏太清部/鬻子.txt,见于外不以隐微者也虽自谓贤人犹谓之不肖也不肖者岂自谓不肖哉以贤者视之不肖之逵见矣虽以彼贤以自贤人岂以为贤,,0.0,,不肖者岂自谓不肖哉，以贤者视之，不肖之迹见矣。
yuzi-17,yuzi,zhuan,《鬻子》,EXACT,1.0,n/a,道藏/正统道藏太清部/鬻子.txt,天下者岂可妄理哉亦由积德累业以有之也,,0.0,,天下者岂可妄理哉，亦由积德累业以有之也。
yuzi-18,yuzi,bi,《鬻子》,EXACT,1.0,n/a,道藏/正统道藏太清部/鬻子.txt,其道昭昭若日月之明然若以昼代夜然,,0.0,,其道昭昭，若日月之明然，若以昼代夜然。
yuzi-19,yuzi,jin,《鬻子》,EXACT,1.0,n/a,道藏/正统道藏太清部/鬻子.txt,帝王之功莫此为盛,,0.0,,帝王之功，莫此为盛。
yuzi-20,yuzi,bi,《鬻子》,EXACT,1.0,n/a,道藏/正统道藏太清部/鬻子.txt,夫圣人与天地合德日月齐明道大不沦可以崇远也,,0.0,,夫圣人与天地合德，日月齐明，道大不沦，可以崇远也。
yuzi-1,yuzi,bi,《鬻子》,EXACT,1.0,n/a,道藏/正统道藏太清部/鬻子.txt,君子不与人谋之则已矣,,0.0,,君子不与人谋之则已矣。
weiliao-21,weiliao,zhuan,《尉缭子·武议》,EXACT,1.0,n/a,子藏/兵家/尉缭子.txt,胜兵似水夫水至柔弱者也然所以触丘陵必为之崩无异也性专而触诚也,,0.0,,胜兵似水。夫水至柔弱者也，然所以触，丘陵必为之崩，无异也，性专而触诚也。
weiliao-22,weiliao,zhuan,《尉缭子·攻权》,EXACT,1.0,n/a,子藏/兵家/尉缭子.txt,故善将者爱与威而已,,0.0,,故善将者，爱与威而已。
weiliao-24,weiliao,zhuan,《尉缭子·勒卒令》,EXACT,1.0,n/a,子藏/兵家/尉缭子.txt,故正兵贵先奇兵贵后或先或后制敌者也,,0.0,,故正兵贵先，奇兵贵后，或先或后，制敌者也。
weiliao-25,weiliao,jin,《尉缭子·战权》,EXACT,1.0,n/a,子藏/兵家/尉缭子.txt,兵贵先胜于此则胜彼矣弗胜于此则弗胜彼矣,,0.0,,兵贵先胜于此，则胜彼矣；弗胜于此，则弗胜彼矣。
weiliao-27,weiliao,zhuan,《尉缭子·兵谈》,MISS,0.0,n/a,子藏/兵家/尉缭子.txt,,,0.0,,兵胜于朝廷，胜于丧纪，胜于土功，胜于市井。
weiliao-28,weiliao,bi,《尉缭子·兵谈》,EXACT,1.0,n/a,子藏/兵家/尉缭子.txt,治兵者若秘于地若邃于天生于无,,0.0,,治兵者，若秘于地，若邃于天，生于无。
weiliao-30,weiliao,zhuan,《尉缭子·兵谈》,MISS,0.0,n/a,子藏/兵家/尉缭子.txt,,子藏/兵家/孙子注.txt,1.0,全伍为上破伍次之李筌曰百人已下为伍是故百战百胜非善之善者也李筌曰以计胜敌也不战而胜善之善者也,百战百胜，非善之善者也；不战而胜，善之善者也。
weiliao-31,weiliao,zhuan,《尉缭子·武议》,EXACT,1.0,n/a,子藏/兵家/尉缭子.txt,凡兵不攻无过之城不杀无罪之人,,0.0,,凡兵不攻无过之城，不杀无罪之人。
weiliao-33,weiliao,bi,《尉缭子·攻权》,VARIANT,0.93,n/a,子藏/兵家/尉缭子.txt,久而不老不弊攻权第五兵以静胜国以专胜力分者弱心疑者背夫力弱故进退不豪纵敌不擒,,0.0,,兵以静固，以专胜。力分者弱，心疑者背。
weiliao-34,weiliao,jin,《尉缭子·兵令上》,VARIANT,0.93,n/a,子藏/兵家/尉缭子.txt,章有功必赏犯令必死存亡死生在枹之端虽天下有善兵者莫能御此矣矢射未交长刃未接前噪者谓之虚后噪者谓之实不噪者谓之秘虚实者兵之体也兵令下第,,0.0,,矢射未交，长刃未接，先噪者虚，后噪谓之实，不噪谓之闭，虚实者兵之体也。
weiliao-36,weiliao,jin,《尉缭子·武议》,EXACT,1.0,n/a,子藏/兵家/尉缭子.txt,今以莫邪之利犀兕之坚三军之众有所奇正则天下莫当其战矣,,0.0,,今以莫邪之利，犀兕之坚，三军之众，有所奇正，则天下莫当其战矣。
weiliao-37,weiliao,jin,《尉缭子·兵令上》,EXACT,1.0,n/a,子藏/兵家/尉缭子.txt,善御敌者正兵先合而后振之此必胜之术也,,0.0,,善御敌者，正兵先合，而后振之，此必胜之术也。
weiliao-38,weiliao,jin,《尉缭子·经卒令》,EXACT,1.0,n/a,子藏/兵家/尉缭子.txt,鼓之前如霆动如风雨莫敢当其前莫敢蹑其后,,0.0,,鼓之前如霆，动如风雨，莫敢当其前，莫敢蹑其后。
weiliao-39,weiliao,jin,《尉缭子·兵谈》,MISS,0.0,n/a,子藏/兵家/尉缭子.txt,,,0.0,,战胜其国，则攻其都；不胜其国，不攻其都。
weiliao-41,weiliao,zhuan,《尉缭子·兵谈》,EXACT,1.0,n/a,子藏/兵家/尉缭子.txt,兵起非可以忿也见胜则兴不见胜则止,,0.0,,兵起，非可以忿也，见胜则兴，不见胜则止。
weiliao-42,weiliao,bi,《尉缭子·战权》,EXACT,1.0,n/a,子藏/兵家/尉缭子.txt,故知道者必先图不知止之败,,0.0,,故知道者，必先图不知止之败。
weiliao-43,weiliao,jin,《尉缭子·兵谈》,EXACT,1.0,n/a,子藏/兵家/尉缭子.txt,夫将者上不制于天下不制于地中不制于人,,0.0,,夫将者，上不制于天，下不制于地，中不制于人。
weiliao-40,weiliao,bi,《尉缭子·武议》,EXACT,1.0,n/a,子藏/兵家/尉缭子.txt,兵者凶器也争者逆德也将者死官也故不得已而用之,,0.0,,兵者凶器也，争者逆德也，将者死官也。故不得已而用之。
